id,first_name,last_name,name,sort_name,image
102,Pearse,Doherty,Pearse Doherty,"Doherty, Pearse",https://www.kildarestreet.com/images/mpsL/102.jpg
103,Timmy,Dooley,Timmy Dooley,"Dooley, Timmy",https://www.kildarestreet.com/images/mpsL/103.jpg
106,Damien,English,Damien English,"English, Damien",https://www.kildarestreet.com/images/mpsL/106.jpg
110,Frank,Feighan,Frank Feighan,"Feighan, Frank",https://www.kildarestreet.com/images/mpsL/110.jpg
111,Martin,Ferris,Martin Ferris,"Ferris, Martin",https://www.kildarestreet.com/images/mpsL/111.jpg
114,Frances,Fitzgerald,Frances Fitzgerald,"Fitzgerald, Frances",https://www.kildarestreet.com/images/mpsL/114.jpg
118,Charles,Flanagan,Charles Flanagan,"Flanagan, Charles",https://www.kildarestreet.com/images/mpsL/118.jpg
119,Terence,Flanagan,Terence Flanagan,"Flanagan, Terence",https://www.kildarestreet.com/images/mpsL/119.jpg
120,Seán,Fleming,Seán Fleming,"Fleming, Seán",https://www.kildarestreet.com/images/mpsL/120.jpg
123,Eamon,Gilmore,Eamon Gilmore,"Gilmore, Eamon",https://www.kildarestreet.com/images/mpsL/123.jpg
128,Noel,Grealish,Noel Grealish,"Grealish, Noel",https://www.kildarestreet.com/images/mpsL/128.jpg
132,Dominic,Hannigan,Dominic Hannigan,"Hannigan, Dominic",https://www.kildarestreet.com/images/mpsL/132.jpg
139,Tom,Hayes,Tom Hayes,"Hayes, Tom",https://www.kildarestreet.com/images/mpsL/139.jpg
14,Bernard,Durkan,Bernard Durkan,"Durkan, Bernard",https://www.kildarestreet.com/images/mpsL/14.jpg
140,Séamus,Healy,Séamus Healy,"Healy, Séamus",https://www.kildarestreet.com/images/mpsL/140.png
145,Joe,Higgins,Joe Higgins,"Higgins, Joe",https://www.kildarestreet.com/images/mpsL/145.jpg
149,Brendan,Howlin,Brendan Howlin,"Howlin, Brendan",https://www.kildarestreet.com/images/mpsL/149.jpg
152,Paul,Kehoe,Paul Kehoe,"Kehoe, Paul",https://www.kildarestreet.com/images/mpsL/152.jpg
156,Enda,Kenny,Enda Kenny,"Kenny, Enda",https://www.kildarestreet.com/images/mpsL/156.jpg
160,Séamus,Kirk,Séamus Kirk,"Kirk, Séamus",https://www.kildarestreet.com/images/mpsL/160.jpg
161,Michael,Kitt,Michael Kitt,"Kitt, Michael",https://www.kildarestreet.com/images/mpsL/161.jpg
166,Michael,Lowry,Michael Lowry,"Lowry, Michael",https://www.kildarestreet.com/images/mpsL/166.jpg
168,Ciarán,Lynch,Ciarán Lynch,"Lynch, Ciarán",https://www.kildarestreet.com/images/mpsL/168.jpg
169,Kathleen,Lynch,Kathleen Lynch,"Lynch, Kathleen",https://www.kildarestreet.com/images/mpsL/169.jpg
17,Billy,Kelleher,Billy Kelleher,"Kelleher, Billy",https://www.kildarestreet.com/images/mpsL/17.jpg
172,Micheál,Martin,Micheál Martin,"Martin, Micheál",https://www.kildarestreet.com/images/mpsL/172.jpg
173,Michael,McCarthy,Michael McCarthy,"McCarthy, Michael",https://www.kildarestreet.com/images/mpsL/173.jpg
18,Billy,Timmins,Billy Timmins,"Timmins, Billy",https://www.kildarestreet.com/images/mpsL/18.jpg
183,Dinny,McGinley,Dinny McGinley,"McGinley, Dinny",https://www.kildarestreet.com/images/mpsL/183.jpg
184,Finian,McGrath,Finian McGrath,"McGrath, Finian",https://www.kildarestreet.com/images/mpsL/184.jpg
185,Mattie,McGrath,Mattie McGrath,"McGrath, Mattie",https://www.kildarestreet.com/images/mpsL/185.jpg
186,Michael,McGrath,Michael McGrath,"McGrath, Michael",https://www.kildarestreet.com/images/mpsL/186.jpg
188,John,McGuinness,John McGuinness,"McGuinness, John",https://www.kildarestreet.com/images/mpsL/188.jpg
189,Joe,McHugh,Joe McHugh,"McHugh, Joe",https://www.kildarestreet.com/images/mpsL/189.jpg
19,Bobby,Aylward,Bobby Aylward,"Aylward, Bobby",https://www.kildarestreet.com/images/mpsL/19.jpg
194,Olivia,Mitchell,Olivia Mitchell,"Mitchell, Olivia",https://www.kildarestreet.com/images/mpsL/194.jpg
2,Éamon,Ó Cuív,Éamon Ó Cuív,"Ó Cuív, Éamon",https://www.kildarestreet.com/images/mpsL/2.jpg
20,Caoimhghín,Ó Caoláin,Caoimhghín Ó Caoláin,"Ó Caoláin, Caoimhghín",https://www.kildarestreet.com/images/mpsL/20.jpg
200,Michael,Moynihan,Michael Moynihan,"Moynihan, Michael",https://www.kildarestreet.com/images/mpsL/200.jpg
204,Catherine,Murphy,Catherine Murphy,"Murphy, Catherine",https://www.kildarestreet.com/images/mpsL/204.jpg
206,Denis,Naughten,Denis Naughten,"Naughten, Denis",https://www.kildarestreet.com/images/mpsL/206.jpg
207,Dan,Neville,Dan Neville,"Neville, Dan",https://www.kildarestreet.com/images/mpsL/207.jpg
209,Michael,Noonan,Michael Noonan,"Noonan, Michael",https://www.kildarestreet.com/images/mpsL/209.jpg
21,Seán,Ó Fearghaíl,Seán Ó Fearghaíl,"Ó Fearghaíl, Seán",https://www.kildarestreet.com/images/mpsL/21.jpg
214,Willie,O'Dea,Willie O'Dea,"O'Dea, Willie",https://www.kildarestreet.com/images/mpsL/214.jpg
215,Kieran,O'Donnell,Kieran O'Donnell,"O'Donnell, Kieran",https://www.kildarestreet.com/images/mpsL/215.jpg
219,Fergus,O'Dowd,Fergus O'Dowd,"O'Dowd, Fergus",https://www.kildarestreet.com/images/mpsL/219.jpg
225,John,O'Mahony,John O'Mahony,"O'Mahony, John",https://www.kildarestreet.com/images/mpsL/225.jpg
229,Joe,O'Reilly,Joe O'Reilly,"O'Reilly, Joe",https://www.kildarestreet.com/images/mpsL/229.jpg
233,Jan,O'Sullivan,Jan O'Sullivan,"O'Sullivan, Jan",https://www.kildarestreet.com/images/mpsL/233.jpg
238,Ruairi,Quinn,Ruairi Quinn,"Quinn, Ruairi",https://www.kildarestreet.com/images/mpsL/238.jpg
239,Willie,Penrose,Willie Penrose,"Penrose, Willie",https://www.kildarestreet.com/images/mpsL/239.jpg
240,John,Perry,John Perry,"Perry, John",https://www.kildarestreet.com/images/mpsL/240.jpg
241,James,Reilly,James Reilly,"Reilly, James",https://www.kildarestreet.com/images/mpsL/241.jpg
242,Michael,Ring,Michael Ring,"Ring, Michael",https://www.kildarestreet.com/images/mpsL/242.jpg
244,Shane,Ross,Shane Ross,"Ross, Shane",https://www.kildarestreet.com/images/mpsL/244.jpg
245,Brendan ,Ryan,Brendan  Ryan,"Ryan, Brendan ",https://www.kildarestreet.com/images/mpsL/245.jpg
256,Seán,Sherlock,Seán Sherlock,"Sherlock, Seán",https://www.kildarestreet.com/images/mpsL/256.jpg
257,Róisín,Shortall,Róisín Shortall,"Shortall, Róisín",https://www.kildarestreet.com/images/mpsL/257.jpg
258,Brendan,Smith,Brendan Smith,"Smith, Brendan",https://www.kildarestreet.com/images/mpsL/258.jpg
260,Emmet,Stagg,Emmet Stagg,"Stagg, Emmet",https://www.kildarestreet.com/images/mpsL/260.jpg
261,David,Stanton,David Stanton,"Stanton, David",https://www.kildarestreet.com/images/mpsL/261.jpg
264,Joanna,Tuffy,Joanna Tuffy,"Tuffy, Joanna",https://www.kildarestreet.com/images/mpsL/264.jpg
265,Liam,Twomey,Liam Twomey,"Twomey, Liam",https://www.kildarestreet.com/images/mpsL/265.jpg
267,Leo,Varadkar,Leo Varadkar,"Varadkar, Leo",https://www.kildarestreet.com/images/mpsL/267.jpg
269,Jack,Wall,Jack Wall,"Wall, Jack",https://www.kildarestreet.com/images/mpsL/269.jpg
275,Alex,White,Alex White,"White, Alex",https://www.kildarestreet.com/images/mpsL/275.jpg
28,James,Bannon,James Bannon,"Bannon, James",https://www.kildarestreet.com/images/mpsL/28.jpg
282,Pat,Rabbitte,Pat Rabbitte,"Rabbitte, Pat",https://www.kildarestreet.com/images/mpsL/282.jpg
287,Alan,Kelly,Alan Kelly,"Kelly, Alan",https://www.kildarestreet.com/images/mpsL/287.jpg
288,Paschal,Donohoe,Paschal Donohoe,"Donohoe, Paschal",https://www.kildarestreet.com/images/mpsL/288.jpg
29,Seán,Barrett,Seán Barrett,"Barrett, Seán",https://www.kildarestreet.com/images/mpsL/29.jpg
290,John Paul,Phelan,John Paul Phelan,"Phelan, John Paul",https://www.kildarestreet.com/images/mpsL/290.jpg
294,Maureen,O'Sullivan,Maureen O'Sullivan,"O'Sullivan, Maureen",https://www.kildarestreet.com/images/mpsL/294.jpg
298,Martin,Heydon,Martin Heydon,"Heydon, Martin",https://www.kildarestreet.com/images/mpsL/298.jpg
299,Mick,Wallace,Mick Wallace,"Wallace, Mick",https://www.kildarestreet.com/images/mpsL/299.jpg
300,Ann,Phelan,Ann Phelan,"Phelan, Ann",https://www.kildarestreet.com/images/mpsL/300.jpg
301,Pat,Deering,Pat Deering,"Deering, Pat",https://www.kildarestreet.com/images/mpsL/301.jpg
302,Seán,Conlan,Seán Conlan,"Conlan, Seán",https://www.kildarestreet.com/images/mpsL/302.jpg
303,Heather,Humphreys,Heather Humphreys,"Humphreys, Heather",https://www.kildarestreet.com/images/mpsL/303.jpg
304,Michael,McNamara,Michael McNamara,"McNamara, Michael",https://www.kildarestreet.com/images/mpsL/304.jpg
305,Tom,Barry,Tom Barry,"Barry, Tom",https://www.kildarestreet.com/images/mpsL/305.jpg
306,Sandra,McLellan,Sandra McLellan,"McLellan, Sandra",https://www.kildarestreet.com/images/mpsL/306.jpg
307,Jonathan,O'Brien,Jonathan O'Brien,"O'Brien, Jonathan",https://www.kildarestreet.com/images/mpsL/307.jpg
308,Dara,Murphy,Dara Murphy,"Murphy, Dara",https://www.kildarestreet.com/images/mpsL/308.jpg
309,Áine,Collins,Áine Collins,"Collins, Áine",https://www.kildarestreet.com/images/mpsL/309.jpg
310,Jim,Daly,Jim Daly,"Daly, Jim",https://www.kildarestreet.com/images/mpsL/310.jpg
311,Noel,Harrington,Noel Harrington,"Harrington, Noel",https://www.kildarestreet.com/images/mpsL/311.jpg
312,Pádraig,MacLochlainn,Pádraig MacLochlainn,"MacLochlainn, Pádraig",https://www.kildarestreet.com/images/mpsL/312.jpg
313,Charlie,McConalogue,Charlie McConalogue,"McConalogue, Charlie",https://www.kildarestreet.com/images/mpsL/313.jpg
314,Thomas,Pringle,Thomas Pringle,"Pringle, Thomas",https://www.kildarestreet.com/images/mpsL/314.jpg
315,Richard,Boyd Barrett,Richard Boyd Barrett,"Boyd Barrett, Richard",https://www.kildarestreet.com/images/mpsL/315.jpg
316,Mary,Mitchell O'Connor,Mary Mitchell O'Connor,"Mitchell O'Connor, Mary",https://www.kildarestreet.com/images/mpsL/316.jpg
317,Mary Lou,McDonald,Mary Lou McDonald,"McDonald, Mary Lou",https://www.kildarestreet.com/images/mpsL/317.jpg
318,Robert,Dowds,Robert Dowds,"Dowds, Robert",https://www.kildarestreet.com/images/mpsL/318.jpg
319,Derek,Keating,Derek Keating,"Keating, Derek",https://www.kildarestreet.com/images/mpsL/319.jpg
320,Alan,Farrell,Alan Farrell,"Farrell, Alan",https://www.kildarestreet.com/images/mpsL/320.jpg
321,Clare,Daly,Clare Daly,"Daly, Clare",https://www.kildarestreet.com/images/mpsL/321.jpg
322,Aodhán,Ó Ríordáin,Aodhán Ó Ríordáin,"Ó Ríordáin, Aodhán",https://www.kildarestreet.com/images/mpsL/322.jpg
323,Seán,Kenny,Seán Kenny,"Kenny, Seán",https://www.kildarestreet.com/images/mpsL/323.jpg
324,Dessie,Ellis,Dessie Ellis,"Ellis, Dessie",https://www.kildarestreet.com/images/mpsL/324.jpg
325,John,Lyons,John Lyons,"Lyons, John",https://www.kildarestreet.com/images/mpsL/325.jpg
326,Peter,Mathews,Peter Mathews,"Mathews, Peter",https://www.kildarestreet.com/images/mpsL/326.jpg
327,Eric,Byrne,Eric Byrne,"Byrne, Eric",https://www.kildarestreet.com/images/mpsL/327.jpg
328,Michael,Conaghan,Michael Conaghan,"Conaghan, Michael",https://www.kildarestreet.com/images/mpsL/328.jpg
329,Joan,Collins,Joan Collins,"Collins, Joan",https://www.kildarestreet.com/images/mpsL/329.jpg
330,Kevin,Humphreys,Kevin Humphreys,"Humphreys, Kevin",https://www.kildarestreet.com/images/mpsL/330.jpg
331,Eoghan,Murphy,Eoghan Murphy,"Murphy, Eoghan",https://www.kildarestreet.com/images/mpsL/331.jpg
332,Eamonn,Maloney,Eamonn Maloney,"Maloney, Eamonn",https://www.kildarestreet.com/images/mpsL/332.jpg
333,Colm,Keaveney,Colm Keaveney,"Keaveney, Colm",https://www.kildarestreet.com/images/mpsL/333.jpg
334,Derek,Nolan,Derek Nolan,"Nolan, Derek",https://www.kildarestreet.com/images/mpsL/334.jpg
335,Arthur,Spring,Arthur Spring,"Spring, Arthur",https://www.kildarestreet.com/images/mpsL/335.jpg
336,Michael,Healy-Rae,Michael Healy-Rae,"Healy-Rae, Michael",https://www.kildarestreet.com/images/mpsL/336.jpg
337,Tom,Fleming,Tom Fleming,"Fleming, Tom",https://www.kildarestreet.com/images/mpsL/337.jpg
338,Brendan,Griffin,Brendan Griffin,"Griffin, Brendan",https://www.kildarestreet.com/images/mpsL/338.jpg
339,Anthony,Lawlor,Anthony Lawlor,"Lawlor, Anthony",https://www.kildarestreet.com/images/mpsL/339.jpg
340,Patrick,O'Donovan,Patrick O'Donovan,"O'Donovan, Patrick",https://www.kildarestreet.com/images/mpsL/340.jpg
341,Robert,Troy,Robert Troy,"Troy, Robert",https://www.kildarestreet.com/images/mpsL/341.jpg
342,Gerry,Adams,Gerry Adams,"Adams, Gerry",https://www.kildarestreet.com/images/mpsL/342.jpg
343,Gerald,Nash,Gerald Nash,"Nash, Gerald",https://www.kildarestreet.com/images/mpsL/343.jpg
344,Peter,Fitzpatrick,Peter Fitzpatrick,"Fitzpatrick, Peter",https://www.kildarestreet.com/images/mpsL/344.jpg
345,Michelle,Mulherin,Michelle Mulherin,"Mulherin, Michelle",https://www.kildarestreet.com/images/mpsL/345.jpg
346,Regina,Doherty,Regina Doherty,"Doherty, Regina",https://www.kildarestreet.com/images/mpsL/346.jpg
347,Ray,Butler,Ray Butler,"Butler, Ray",https://www.kildarestreet.com/images/mpsL/347.jpg
348,Peadar,Tóibín,Peadar Tóibín,"Tóibín, Peadar",https://www.kildarestreet.com/images/mpsL/348.jpg
349,Tony,McLoughlin,Tony McLoughlin,"McLoughlin, Tony",https://www.kildarestreet.com/images/mpsL/349.jpg
350,Michael,Colreavy,Michael Colreavy,"Colreavy, Michael",https://www.kildarestreet.com/images/mpsL/350.jpg
352,Ciara,Conway,Ciara Conway,"Conway, Ciara",https://www.kildarestreet.com/images/mpsL/352.jpg
353,John,Halligan,John Halligan,"Halligan, John",https://www.kildarestreet.com/images/mpsL/353.jpg
354,Marcella,Corcoran Kennedy,Marcella Corcoran Kennedy,"Corcoran Kennedy, Marcella",https://www.kildarestreet.com/images/mpsL/354.jpg
355,Barry,Cowen,Barry Cowen,"Cowen, Barry",https://www.kildarestreet.com/images/mpsL/355.jpg
356,Brian,Stanley,Brian Stanley,"Stanley, Brian",https://www.kildarestreet.com/images/mpsL/356.jpg
357,Anne,Ferris,Anne Ferris,"Ferris, Anne",https://www.kildarestreet.com/images/mpsL/357.jpg
358,Simon,Harris,Simon Harris,"Harris, Simon",https://www.kildarestreet.com/images/mpsL/358.jpg
359,Stephen,Donnelly,Stephen Donnelly,"Donnelly, Stephen",https://www.kildarestreet.com/images/mpsL/359.jpg
360,Brian,Walsh,Brian Walsh,"Walsh, Brian",https://www.kildarestreet.com/images/mpsL/360.jpg
361,Seán,Kyne,Seán Kyne,"Kyne, Seán",https://www.kildarestreet.com/images/mpsL/361.jpg
362,Paul,Connaughton,Paul Connaughton,"Connaughton, Paul",https://www.kildarestreet.com/images/mpsL/362.jpg
39,Pat,Breen,Pat Breen,"Breen, Pat",https://www.kildarestreet.com/images/mpsL/39.jpg
399,Helen,McEntee,Helen McEntee,"McEntee, Helen",https://www.kildarestreet.com/images/mpsL/399.jpg
401,Gabrielle,McFadden,Gabrielle McFadden,"McFadden, Gabrielle",https://www.kildarestreet.com/images/mpsL/401.jpg
402,Ruth,Coppinger,Ruth Coppinger,"Coppinger, Ruth",https://www.kildarestreet.com/images/mpsL/402.jpg
404,Paul,Murphy,Paul Murphy,"Murphy, Paul",https://www.kildarestreet.com/images/mpsL/404.jpg
405,Michael,Fitzmaurice,Michael Fitzmaurice,"Fitzmaurice, Michael",https://www.kildarestreet.com/images/mpsL/405.jpg
42,Tommy,Broughan,Tommy Broughan,"Broughan, Tommy",https://www.kildarestreet.com/images/mpsL/42.jpg
44,John,Browne,John Browne,"Browne, John",https://www.kildarestreet.com/images/mpsL/44.jpg
46,Richard,Bruton,Richard Bruton,"Bruton, Richard",https://www.kildarestreet.com/images/mpsL/46.jpg
49,Joan,Burton,Joan Burton,"Burton, Joan",https://www.kildarestreet.com/images/mpsL/49.jpg
5,Aengus,Ó Snodaigh,Aengus Ó Snodaigh,"Ó Snodaigh, Aengus",https://www.kildarestreet.com/images/mpsL/5.jpg
51,Jerry,Buttimer,Jerry Buttimer,"Buttimer, Jerry",https://www.kildarestreet.com/images/mpsL/51.jpg
52,Catherine,Byrne,Catherine Byrne,"Byrne, Catherine",https://www.kildarestreet.com/images/mpsL/52.jpg
56,Dara,Calleary,Dara Calleary,"Calleary, Dara",https://www.kildarestreet.com/images/mpsL/56.jpg
58,Ciarán,Cannon,Ciarán Cannon,"Cannon, Ciarán",https://www.kildarestreet.com/images/mpsL/58.jpg
59,Joe,Carey,Joe Carey,"Carey, Joe",https://www.kildarestreet.com/images/mpsL/59.jpg
6,Alan,Shatter,Alan Shatter,"Shatter, Alan",https://www.kildarestreet.com/images/mpsL/6.jpg
64,Paudie,Coffey,Paudie Coffey,"Coffey, Paudie",https://www.kildarestreet.com/images/mpsL/64.jpg
67,Niall,Collins,Niall Collins,"Collins, Niall",https://www.kildarestreet.com/images/mpsL/67.jpg
7,Andrew,Doyle,Andrew Doyle,"Doyle, Andrew",https://www.kildarestreet.com/images/mpsL/7.jpg
72,Noel,Coonan,Noel Coonan,"Coonan, Noel",https://www.kildarestreet.com/images/mpsL/72.jpg
74,Joe,Costello,Joe Costello,"Costello, Joe",https://www.kildarestreet.com/images/mpsL/74.jpg
76,Simon,Coveney,Simon Coveney,"Coveney, Simon",https://www.kildarestreet.com/images/mpsL/76.jpg
81,Michael,Creed,Michael Creed,"Creed, Michael",https://www.kildarestreet.com/images/mpsL/81.jpg
83,Lucinda,Creighton,Lucinda Creighton,"Creighton, Lucinda",https://www.kildarestreet.com/images/mpsL/83.jpg
84,Seán,Crowe,Seán Crowe,"Crowe, Seán",https://www.kildarestreet.com/images/mpsL/84.jpg
96,John,Deasy,John Deasy,"Deasy, John",https://www.kildarestreet.com/images/mpsL/96.jpg
97,Jimmy,Deenihan,Jimmy Deenihan,"Deenihan, Jimmy",https://www.kildarestreet.com/images/mpsL/97.jpg
