name,id
Mme AKA AMANAN VERONIQUE,mme_aka_amanan_veronique
Mme AKE CAMILLE,mme_ake_camille
Mme ASSA AHOU EMILIENNE,mme_assa_ahou_emilienne
Mme BAMBA AFFOUSSIATA,mme_bamba_affoussiata
Mme BAMBA SOGONA,mme_bamba_sogona
Mme BREGNON PAULINE,mme_bregnon_pauline
Mme BROU AMENAN FLORANCE,mme_brou_amenan_florance
Mme BROU KUHA MARGUERITE,mme_brou_kuha_marguerite
Mme COURA BAKAYOKO,mme_coura_bakayoko
Mme DIALLO MA,mme_diallo_ma
Mme FOFANA NOSSAMBA,mme_fofana_nossamba
Mme KAMARA AMINATA,mme_kamara_aminata
Mme KAMISSOKO KANDIA,mme_kamissoko_kandia
Mme KAYO SLAHA CLARISSE,mme_kayo_slaha_clarisse
Mme KOUAKOU AKISSI COLETTE,mme_kouakou_akissi_colette
Mme NASSALATOU DIABY,mme_nassalatou_diaby
Mme OUEGNIN YASMINA FREDERIQUE LUCIENNE,mme_ouegnin_yasmina_frederique_lucienne
Mme OULAI ZAGNI MADELEINE,mme_oulai_zagni_madeleine
Mme OULOTO ANNE DESIREE,mme_ouloto_anne_desiree
Mme SARRA FADIKA,mme_sarra_fadika
Mme TEHOUA AMAH MARIE,mme_tehoua_amah_marie
Mme TRAORE ADJARATOU,mme_traore_adjaratou
Mme TRAORE MARIAME,mme_traore_mariame
Mme TRAZERE OLIBE CELESTINE,mme_trazere_olibe_celestine
Mme VEDEA BLIKAN ELISABETH,mme_vedea_blikan_elisabeth
Mme YACE LAURETTE ANDREE,mme_yace_laurette_andree
Mr. ABDOULAYE TRAORE,mr._abdoulaye_traore
Mr. ACHI PATRICK JEROME,mr._achi_patrick_jerome
Mr. ADAMA BICTOGO,mr._adama_bictogo
Mr. ADAMA SYLLA,mr._adama_sylla
Mr. ADJE KOUADIO FREDERIC,mr._adje_kouadio_frederic
Mr. AGBRE TOUNI JEAN ALBERT,mr._agbre_touni_jean_albert
Mr. AHOUSSOU KOUADIO JEANNOT,mr._ahoussou_kouadio_jeannot
Mr. AKA AOUELE,mr._aka_aouele
Mr. AKA HERVE,mr._aka_herve
Mr. ALLAH KOUADIO REMIS,mr._allah_kouadio_remis
Mr. ALLY COULIBALY,mr._ally_coulibaly
Mr. AMADOU GON COULIBALY,mr._amadou_gon_coulibaly
Mr. AMARA BAMBA,mr._amara_bamba
Mr. ANE BONI SIMEON,mr._ane_boni_simeon
Mr. APEA KOMENE JOACHIM,mr._apea_komene_joachim
Mr. ASSA OUFFOUE,mr._assa_ouffoue
Mr. ASSI AKA EDMOND,mr._assi_aka_edmond
Mr. ASSOUMOU MEA,mr._assoumou_mea
Mr. AZOUMANA DIARRASSOUBA,mr._azoumana_diarrassouba
Mr. BAKAYOKO HAMED,mr._bakayoko_hamed
Mr. BAKAYOKO IBRAHIMA,mr._bakayoko_ibrahima
Mr. BAKAYOKO MOUSSA,mr._bakayoko_moussa
Mr. BAKAYOKO ZOUMANA,mr._bakayoko_zoumana
Mr. BAMBA MAMADOU,mr._bamba_mamadou
Mr. BAMBA MESSAMBA,mr._bamba_messamba
Mr. BANDAMAN KOUAKOU MAURICE,mr._bandaman_kouakou_maurice
Mr. BANZIO DAGOBERT,mr._banzio_dagobert
Mr. BARADJI ABDOUL KADER,mr._baradji_abdoul_kader
Mr. BAUDOUA KOUADIO KOFFI DIDIER,mr._baudoua_kouadio_koffi_didier
Mr. BENIE BROU DAKOI,mr._benie_brou_dakoi
Mr. BESSIN KOFFI MAURICE,mr._bessin_koffi_maurice
Mr. BEUGRE LOBOGNON SAMUEL,mr._beugre_lobognon_samuel
Mr. BLEU BAGUI,mr._bleu_bagui
Mr. BODO PEZITAUD HONORE,mr._bodo_pezitaud_honore
Mr. BOHUE YAO MARTIN,mr._bohue_yao_martin
Mr. BONI JOSEPH HENRI BERNADIN,mr._boni_joseph_henri_bernadin
Mr. BOUEKA NABO CLEMENT,mr._boueka_nabo_clement
Mr. BROU KOFFI RENE,mr._brou_koffi_rene
Mr. COULIBALY ABOUBAKARY,mr._coulibaly_aboubakary
Mr. COULIBALY BRAHIMA,mr._coulibaly_brahima
Mr. COULIBALY MAMADOU SANGAFOWA,mr._coulibaly_mamadou_sangafowa
Mr. COULIBALY SERIBA,mr._coulibaly_seriba
Mr. COULIBALY TIEMOKO YADE FRANCIS DOMINIQUE,mr._coulibaly_tiemoko_yade_francis_dominique
Mr. COULIBALY YAYA,mr._coulibaly_yaya
Mr. DA DESIRE HONORE,mr._da_desire_honore
Mr. DACOURY-TABLEY LOUIS ANDRE,mr._dacoury-tabley_louis_andre
Mr. DAH SIE,mr._dah_sie
Mr. DALLY JULES,mr._dally_jules
Mr. DAN JULES DEMONSTHENE,mr._dan_jules_demonsthene
Mr. DAN OUELO MICHE,mr._dan_ouelo_miche
Mr. DANHO BADJE GABRIEL,mr._danho_badje_gabriel
Mr. DARRET BABAUD MATHIEU,mr._darret_babaud_mathieu
Mr. DEBY YAO BENJAMIN,mr._deby_yao_benjamin
Mr. DEHE PAUL,mr._dehe_paul
Mr. DESSI HUBERT,mr._dessi_hubert
Mr. DIABATE BAMORY,mr._diabate_bamory
Mr. DIAKITE COTY SOULEIMANE,mr._diakite_coty_souleimane
Mr. DIAWARA MAMADOU,mr._diawara_mamadou
Mr. DIBAHI DODO AMEDEE,mr._dibahi_dodo_amedee
Mr. DIBY KOFFI CHARLES,mr._diby_koffi_charles
Mr. DIBY KOUASSI,mr._diby_kouassi
Mr. DIOMANDE ABDOULAYE KARIM,mr._diomande_abdoulaye_karim
Mr. DIOMANDE LASSINA,mr._diomande_lassina
Mr. DIOMANDE MAMADOU,mr._diomande_mamadou
Mr. DIOMANDE MANGA,mr._diomande_manga
Mr. DJE-BI HIHA CONSTANT,mr._dje-bi_hiha_constant
Mr. DJEDJE MADY ALPHONSE,mr._djedje_mady_alphonse
Mr. DJOHORE GBAKAYORO ABEL,mr._djohore_gbakayoro_abel
Mr. DOSSO LANCINA,mr._dosso_lancina
Mr. DOUGROU SAWOURE AUGUSTIN,mr._dougrou_sawoure_augustin
Mr. DOUMBIA ALASSANE,mr._doumbia_alassane
Mr. EHOUMAN BOKO HUBERT,mr._ehouman_boko_hubert
Mr. EHOUMAN TANO,mr._ehouman_tano
Mr. FAMIE AKATTIA EDOUKOU FELIX,mr._famie_akattia_edoukou_felix
Mr. FEH SUNDE,mr._feh_sunde
Mr. FOFANA BEMA,mr._fofana_bema
Mr. FRANCIS DESCLERCS,mr._francis_desclercs
Mr. FREGBO GUETE BASILE MESMIN,mr._fregbo_guete_basile_mesmin
Mr. GAULLY SAHOUA ANTOINE SYLVAIN PEPIN,mr._gaully_sahoua_antoine_sylvain_pepin
Mr. GBOCHO CHONOU EMMANUEL,mr._gbocho_chonou_emmanuel
Mr. GNAMIEN KONAN,mr._gnamien_konan
Mr. GNANGADJOMON KONE,mr._gnangadjomon_kone
Mr. GNANGBO KACOU,mr._gnangbo_kacou
Mr. GNAPI GIL,mr._gnapi_gil
Mr. GNEZERE IGNACE,mr._gnezere_ignace
Mr. GOURENE GERMAIN,mr._gourene_germain
Mr. GOZE SEPLE BERNARD,mr._goze_seple_bernard
Mr. HEILMS FRANCOIS MARCEL,mr._heilms_francois_marcel
Mr. IBRAHIMA CISSE,mr._ibrahima_cisse
Mr. IMBASSOU OUATTARA ABBAS,mr._imbassou_ouattara_abbas
Mr. ISSIAKA SOUMAHORO,mr._issiaka_soumahoro
Mr. ISSOUF TRAORE,mr._issouf_traore
Mr. JOHNWAN TEKE NORBERT,mr._johnwan_teke_norbert
Mr. KAFANA KONE,mr._kafana_kone
Mr. KAMAGATE MAMADOU,mr._kamagate_mamadou
Mr. KAMBIRE SANSAN,mr._kambire_sansan
Mr. KAMBIRE TOH,mr._kambire_toh
Mr. KOBENAN KOUASSI ADJOUMANI,mr._kobenan_kouassi_adjoumani
Mr. KOFFI N`GUESSAN JUSTIN,mr._koffi_n`guessan_justin
Mr. KONAN KOUASSI,mr._konan_kouassi
Mr. KONAN YOBOUE,mr._konan_yoboue
Mr. KONATE SIDIKI,mr._konate_sidiki
Mr. KONATE ZIE ABOUBACAR,mr._konate_zie_aboubacar
Mr. KONE ABDOULAYE,mr._kone_abdoulaye
Mr. KONE ABOUBACAR SIDIKI,mr._kone_aboubacar_sidiki
Mr. KONE BOUBACAR,mr._kone_boubacar
Mr. KONE DOGNON,mr._kone_dognon
Mr. KONE DRAMANE,mr._kone_dramane
Mr. KONE SIAKA,mr._kone_siaka
Mr. KONE SOULEYMANE,mr._kone_souleymane
Mr. KONE TIESSIBIRI,mr._kone_tiessibiri
Mr. KOUADIO KONAN BERTIN,mr._kouadio_konan_bertin
Mr. KOUADIO KPLI KOUASSI DELPHIN,mr._kouadio_kpli_kouassi_delphin
Mr. KOUAKOU ABONOUAN LOUIS,mr._kouakou_abonouan_louis
Mr. KOUAKOU KOUAKOU OUATTARA,mr._kouakou_kouakou_ouattara
Mr. KOUAKOU KOUASSI JEAN-MARIE,mr._kouakou_kouassi_jean-marie
Mr. KOUAKOU N`DRI JULES,mr._kouakou_n`dri_jules
Mr. KOUAME KOFFI NORBERT,mr._kouame_koffi_norbert
Mr. KOUAME KONAN EDOUARD,mr._kouame_konan_edouard
Mr. KOUAME KOUAKOU GEORGES,mr._kouame_kouakou_georges
Mr. KOUAME N`GUESSAN,mr._kouame_n`guessan
Mr. KOUASSI BEGANSOH,mr._kouassi_begansoh
Mr. KOUASSI BODI THEODORE,mr._kouassi_bodi_theodore
Mr. KRAMO KOUASSI,mr._kramo_kouassi
Mr. LACINA KONE,mr._lacina_kone
Mr. LAMINE KONE,mr._lamine_kone
Mr. LANCINE CISSE,mr._lancine_cisse
Mr. LASSINA DIABAGATE,mr._lassina_diabagate
Mr. LASSINA DIOMANDE,mr._lassina_diomande
Mr. LASSINA KONE,mr._lassina_kone
Mr. LOGBO ANDRE,mr._logbo_andre
Mr. MAGONE BI TOUVOLI,mr._magone_bi_touvoli
Mr. MAMADOU CISSE,mr._mamadou_cisse
Mr. MAMADOU TRAORE,mr._mamadou_traore
Mr. MANOU BI KOUELI,mr._manou_bi_koueli
Mr. MEITE YAYA,mr._meite_yaya
Mr. MINZAN KOUADIO,mr._minzan_kouadio
Mr. MOHAMED OUATTARA,mr._mohamed_ouattara
Mr. MOUSSA DOSSO,mr._moussa_dosso
Mr. MOUTAYE AZOUMANA,mr._moutaye_azoumana
Mr. N GUETTA KAMANAN,mr._n_guetta_kamanan
Mr. NETRO TAGBO RENE,mr._netro_tagbo_rene
Mr. N`GOUAN JEREMIE ALFRED,mr._n`gouan_jeremie_alfred
Mr. N`GUESSAN KOUASSI DENIS,mr._n`guessan_kouassi_denis
Mr. OKOU DONON MICHEL,mr._okou_donon_michel
Mr. OUASSENAN KONE GASTON,mr._ouassenan_kone_gaston
Mr. OUATTARA ABOUBAKAR,mr._ouattara_aboubakar
Mr. OUATTARA ALLY,mr._ouattara_ally
Mr. OUATTARA ANZOUMANAN,mr._ouattara_anzoumanan
Mr. OUATTARA GUIBESSONGUI ISSA,mr._ouattara_guibessongui_issa
Mr. OUATTARA LAMINE SIMON,mr._ouattara_lamine_simon
Mr. OUATTARA NAGNIN,mr._ouattara_nagnin
Mr. OUATTARA SIAKA,mr._ouattara_siaka
Mr. OUATTARA TENE BIRAHIMA,mr._ouattara_tene_birahima
Mr. OULATTA GAHO DIT PIERRE,mr._oulatta_gaho_dit_pierre
Mr. OULLA GUELADET EPHREM PRIVAT,mr._oulla_gueladet_ephrem_privat
Mr. OUONSSIO GEORGES,mr._ouonssio_georges
Mr. OURA BROU,mr._oura_brou
Mr. OZOUKOU ZEGA FREDERIC,mr._ozoukou_zega_frederic
Mr. PEGAWAGNABA BONIFACE,mr._pegawagnaba_boniface
Mr. SALE POLI,mr._sale_poli
Mr. SANLE JEAN-CRESORT,mr._sanle_jean-cresort
Mr. SANOGO MAMADOU,mr._sanogo_mamadou
Mr. SARAKA KONAN ADOLPHE,mr._saraka_konan_adolphe
Mr. SARR BOHE MARIUS MELAINE DEGBAHOUA,mr._sarr_bohe_marius_melaine_degbahoua
Mr. SARRE GNEPO EDMOND,mr._sarre_gnepo_edmond
Mr. SERIBA COULIBALY,mr._seriba_coulibaly
Mr. SESS SOUKOU MOHAMED,mr._sess_soukou_mohamed
Mr. SIAKA OUATTARA,mr._siaka_ouattara
Mr. SIDIBE ABDOULAYE,mr._sidibe_abdoulaye
Mr. SIE BI VANIE JIMMY,mr._sie_bi_vanie_jimmy
Mr. SIKI BLON BLAISE,mr._siki_blon_blaise
Mr. SILUE KAGNON AUGUSTIN,mr._silue_kagnon_augustin
Mr. SILUE ZONLEWA,mr._silue_zonlewa
Mr. SOILIO TRAOLE,mr._soilio_traole
Mr. SORO FOBEH,mr._soro_fobeh
Mr. SORO GOPEGUE DAOUDA PIERRE,mr._soro_gopegue_daouda_pierre
Mr. SORO KANIGUI MAMADOU,mr._soro_kanigui_mamadou
Mr. SORO KIGBAFORI GUILLAUME,mr._soro_kigbafori_guillaume
Mr. SORO N`DOSSOULOU YACOUBA,mr._soro_n`dossoulou_yacouba
Mr. SORO SOUAGNON JEAN PAUL,mr._soro_souagnon_jean_paul
Mr. SORO TIORNA,mr._soro_tiorna
Mr. SOUMAHORO ADAMA,mr._soumahoro_adama
Mr. SOUMAHORO AMADOU,mr._soumahoro_amadou
Mr. SOUMAHORO SEKOUBA,mr._soumahoro_sekouba
Mr. STANISLAS DIDIE KINDIA,mr._stanislas_didie_kindia
Mr. TAILLY GUEO BERNARD,mr._tailly_gueo_bernard
Mr. TANAU YAO BRUNO,mr._tanau_yao_bruno
Mr. TANOH ANOH JEROME,mr._tanoh_anoh_jerome
Mr. THIAM AUGUSTIN HOUPHOUET ABDOULAYE,mr._thiam_augustin_houphouet_abdoulaye
Mr. TIEHA KOUASSI VENANCE,mr._tieha_kouassi_venance
Mr. TOALO BI DOULO,mr._toalo_bi_doulo
Mr. TOIKEUSSE MABRI ALBERT,mr._toikeusse_mabri_albert
Mr. TOUNGARA ADAMA,mr._toungara_adama
Mr. TOURE ABDOULAYE,mr._toure_abdoulaye
Mr. TOURE DAOUDA,mr._toure_daouda
Mr. TOURE GAOUSSOU,mr._toure_gaoussou
Mr. TOURE MAMADOU,mr._toure_mamadou
Mr. TOURE SOULEYMANE,mr._toure_souleymane
Mr. TRA BI IRIE JONAS,mr._tra_bi_irie_jonas
Mr. TRAORE IDRISSA,mr._traore_idrissa
Mr. WOUADJA ESSAY,mr._wouadja_essay
Mr. YAO KOUAKOU,mr._yao_kouakou
Mr. YAO MEH,mr._yao_meh
Mr. YAO SOUMAILA,mr._yao_soumaila
Mr. YAO YAO LAZARE,mr._yao_yao_lazare
Mr. YAPO AMAN PIERRE,mr._yapo_aman_pierre
Mr. YAYORO KARAMOKO,mr._yayoro_karamoko
Mr. YEBOUA ATTA KOBLAN FRANCOIS BARTHELEMY,mr._yeboua_atta_koblan_francois_barthelemy
Mr. YEO FOZIE,mr._yeo_fozie
Mr. YOBOU DJIRABOU BENOIT,mr._yobou_djirabou_benoit
Mr. YOBOUA KOUABENAN CEVERIN,mr._yoboua_kouabenan_ceverin
Mr. ZAKPA OPRI,mr._zakpa_opri
Mr. ZAN-BI GOI FERDINAND,mr._zan-bi_goi_ferdinand
Mr. ZOH CHERIF RENE,mr._zoh_cherif_rene
