name,id
Craig Cannonier,Craig_Cannonier
David Burt,E._David_Burt
Dennis Lister,Dennis_Lister
Derrick Burgess,Derrick_Burgess
E. T. Bob Richards,Bob_Richards
Glen Smith,Glen_Smith
Glenn Blakeney,Glen_Blakeney_Bio
Grant Gibbons,Dr._Grant_Gibbons
Jamahl Simmons,Mr._Jamahl_S._Simmons
Jeanne Atherden,Jeanne_Atherden
Jeff Sousa,Jeff_Sousa
Kenneth Bascome,Kenneth_Bascome
Kim Wilson,Mrs._Kim_Wilson
Lawrence Scott,Lawrence_Scott
Leah Scott,Leah_Scott
Lovitta Foggo,Lavita_Foggo
Marc Bean,Marc_Bean
Mark Pettingill,Mark_Pettingill
Michael Dunkley,Mr._Michael_Dunkle
Michael Scott,Michael_Scott
Michael Weeks,Michael_Weeks
N. Cole Simons,Cole_Simons
Nandi Outerbridge,Nandi_Davis
Patricia Gordon Pamplin,Patricia_Gordon_Pamplin
Randolph Horton,Randy_Horton
Rolfe Commissiong,Rolfe_Commissiong
Shawn Crockwell,Shawn_Crockwell
Susan Jackson,Susan_Jackson
Suzann Roberts-Holshouser,Suzann_Roberts-Holshouser
Sylvan Richards Jr.,Sylvan_Richards_
Trevor Moniz,Trevor_Moniz
Walter Roban,Walter_Roban
Walton Brown,Walton_Brown
Wayne Furbert,Wayne_Furbert
Wayne Scott,Wayne_Scott
Zane DeSilva,Zane_Desilva
