name,id
Abdu Raheem ABDULLAH,abdu_raheem_abdullah
Abdul Baaree ABDULLAH,abdul_baaree_abdullah
Abdul Ghafoor MOOSA,abdul_ghafoor_moosa
Abdul Latheef MOHAMED,abdul_latheef_mohamed
Abdullah AHMED,abdullah_ahmed
Abdullah KHALEEL,abdullah_khaleel
Abdullah Maseeh MOHAMED,abdullah_maseeh_mohamed
Abdullah RIFAU,abdullah_rifau
Abdullah RIYAZ,abdullah_riyaz
Abdullah SHAHID,abdullah_shahid
Abdullah SINAN,abdullah_sinan
Abdullah YAMEEN,abdullah_yameen
Ahmed AMIR,ahmed_amir
Ahmed Assad,ahmed_assad
Ahmed Azhan FAHMY,ahmed_azhan_fahmy
Ahmed MAHLOOF,ahmed_mahloof
Ahmed MARZOOQ,ahmed_marzooq
Ahmed MUBEEN,ahmed_mubeen
Ahmed NASHID,ahmed_nashid
Ahmed NAZIM,ahmed_nazim
Ahmed Nihan H MANIK,ahmed_nihan_h_manik
Ahmed RASHEEDH,ahmed_rasheedh
Ahmed Rasheed IBRAHIM,ahmed_rasheed_ibrahim
Ahmed SALEEM,ahmed_saleem
Ahmed SHIYAM,ahmed_shiyam
Ahmed Siyam MOHAMED,ahmed_siyam_mohamed
Ahmed THORIQ,ahmed_thoriq
Ali ARIF,ali_arif
Ali AZIM,ali_azim
Ali FAZAD,ali_fazad
Ali HUSSAIN,ali_hussain
Ali MAUROOF,ali_mauroof
Ali MOHAMED,ali_mohamed
Ali NIZAR,ali_nizar
Ali SALEEM,ali_saleem
Ali SHAH,ali_shah
Anaara NAEEM,anaara_naeem
Asma RASHEEDH,asma_rasheedh
Eva ABDULLAH,eva_abdullah
Faisal NASEEM,faisal_naseem
Fayyaz ISMAIL,fayyaz_ismail
Hassan Mufeed A QADHIR,hassan_mufeed_a_qadhir
Hussain AREEF,hussain_areef
Hussain MOHAMED,hussain_mohamed
Hussain Manik DHONMANIK,hussain_manik_dhonmanik
Hussain Mohamed LATHEEF,hussain_mohamed_latheef
Hussain SHAHUDHEE,hussain_shahudhee
Ibrahim DIDI,ibrahim_didi
Ibrahim FALAAH,ibrahim_falaah
Ibrahim HASSAN,ibrahim_hassan
Ibrahim Mohamed DIDI,ibrahim_mohamed_didi
Ibrahim Mohamed SALIH,ibrahim_mohamed_salih
Ibrahim NASEER,ibrahim_naseer
Ibrahim RIZA,ibrahim_riza
Ibrahim SHAREEF,ibrahim_shareef
Ibrahim SHUJAU,ibrahim_shujau
Ilham AHMED,ilham_ahmed
Imthiyaz FAHMY,imthiyaz_fahmy
Jameel Usman,jameel_usman
Jaufar DAAOOD,jaufar_daaood
Mariya Ahmed DIDI,mariya_ahmed_didi
Mohamed ABDULLAH,mohamed_abdullah
Mohamed ALI,mohamed_ali
Mohamed AMEETH,mohamed_ameeth
Mohamed ASLAM,mohamed_aslam
Mohamed Abdul KAREEM,mohamed_abdul_kareem
Mohamed FALAH,mohamed_falah
Mohamed HUSSAIN,mohamed_hussain
Mohamed ISMAIL,mohamed_ismail
Mohamed MUSTHAFA,mohamed_musthafa
Mohamed NASHEED,mohamed_nasheed
Mohamed NAZIM,mohamed_nazim
Mohamed Rasheed HUSSAIN,mohamed_rasheed_hussain
Mohamed SHAHIDH,mohamed_shahidh
Mohamed Waheed IBRAHIM,mohamed_waheed_ibrahim
Moosa MANIK,moosa_manik
Moosa Nizar IBRAHIM,moosa_nizar_ibrahim
Muaz Mohamed RASHEED,muaz_mohamed_rasheed
Nazim RASHAAD,nazim_rashaad
Qasim IBRAHIM,qasim_ibrahim
Riyaz RASHEED,riyaz_rasheed
Rozaina ADAM,rozaina_adam
Saud Hussain,saud_hussain
Saudhullah HILMY,saudhullah_hilmy
Umar HUSSAIN,umar_hussain
