name,id
Alexander Merep,alexander_merep
Gibson Kanai,gibson_kanai
Horace Rafael,horace_rafael
Jerry Nabeyama,jerry_nabeyama
Jonathan Isechal,jonathan_isechal
Lentcer Basilius,lentcer_basilius
Lucio Ngiraiwet,lucio_ngiraiwet
Marhence Madrangchar,marhence_madrangchar
Marino O. Ngemaes,marino_o._ngemaes
Masasinge Arurang,masasinge_arurang
Noah Kemesong,noah_kemesong
Sabino Anastacio,sabino_anastacio
Swenny Ongidobel,swenny_ongidobel
Tmewang Rengulbai,tmewang_rengulbai
Wayne Andrew,wayne_andrew
Yutaka Gibbons,yutaka_gibbons
