name,id
Aaron Vincent,aaron-vincent
Abraham V. Corneh III,abraham-v-corneh-iii
Acarous M. Gray,acarous-m-gray
Adam Bill Corneh,adam-bill-corneh-1
Adolph A. Lawrence,adolph-lawrence-0
Alex C. Grant,alex-c-grant-2
Alfred G. Juweh,alfred-g-juweh
Alfred Koiwood,alfred-koiwood
Ballah G. Zayzay,ballah-g-zayzay-1
Ben Fofana,ben-fofana-1
Bhofal Chambers,bhofal-chambers-1
Bill Twehway,bill-twehway
Charles K. Bardyl,charles-k-bardyl
Christian S. Chea,christian-s-chea
Clarance Massaquoi,clarance-massaquoi
Corpu G. Barclay,corpu-g-barclay-0
Edward Kafia,edward-kafia
Edward S. Forh,edward-s-forh-0
Edwin M. Snowe,edwin-m-snowe
Emerson V. Kamara,emerson-v-kamara-1
Emmanuel Nuquay,emmanuel-nuquay-0
Eugene F. Kparkar,eugene-f-kparkar-2
Fofi Sahr Baimba,fofi-sahr-baimba-1
Francis S. Paye,francis-s-paye
Gabriel B. Smith,gabriel-b-smith-3
Gabriel Nyankan,gabriel-nyankan
Garison Yealue,garison-yealue
George S. Mulbah,george-s-mulbah-0
George W. Blamoh,george-w-blamoh
George W. Blamoh,george-w-blamoh-2
Gertrude T. Lamin,gertrude-t-lamin-0
Haja F. Siryon,haja-f-siryon-1
Hans M. Barchue,hans-m-barchue-3
Henry B. Fahnbulleh,henry-b-fahnbulleh
Isaac B. Roland,isaac-b-roland-0
J. Alex Tyler,j-alex-tyler-0
J. Byron Browne,j-byron-browne-2
James P. Biney,james-p-biney-1
Jefferson S. Kanmoh,jefferson-s-kanmoh
Jeremiah K. Koung,jeremiah-k-koung
Jeremiah W. N. McCaulay,jeremiah-w-n-mccaulay
Johnson Toe Chea,johnson-toe-chea
Josephine M.G. Francis,josephine-mg-francis
Julius F. Berrian,julius-f-berrian
Larry P. Younquoi,larry-p-younquoi
Lester M. Paye,lester-m-paye-0
Malai G. Gbogar,malai-g-gbogar-1
Mambu M. Sonii,mambu-m-sonii-2
Mariamu B. Fofana,mariamu-b-fofana-1
Mary Karwor,mary-karwor-0
Mathew Zarzar,mathew-zarzar
Moriais T. Waylee,moriais-t-waylee-0
Moses Y. Kollie,moses-y-kollie-0
Munah E. Pelham,munah-e-pelham
Namene T.H. Bartekwa,namene-th-bartekwa
Prince K. Moye,prince-k-moye-0
Prince Q. S. Tokpah,prince-q-s-tokpah
R. Matenokay Tingban,r-matenokay-tingban
Richmond S. Anderson,richmond-anderson
Ricks Y. Toweh,ricks-y-toweh
Robertson N. Siaway,robertson-n-siaway-0
Roland O. Cooper,roland-o-cooper-0
Saah H. Joseph,saah-h-joseph
Samuel G. Kogar,samuel-g-kogar
Samuel G. Z. Woleh,samuel-g-z-woleh
Samuel Gayah Karmo,samuel-gayah-karmo-0
Sekou S. Kanneh,sekou-s-kanneh
Solomon C. George,solomon-c-george
Stephen Kafi Jr,stephen-kafi-jr
Thomas P. Fallah,thomas-p-fallah
Tokpah J. Mulbah,tokpah-j-mulbah-0
"William V. Dakel, Sr",william-v-dakel-sr
Zoe E. Pennue,zoe-e-pennue-1
