name,id
Abdulaghani Hasan Milad Altoumi,abdulaghani_hasan_milad_altoumi
Abdulghani Ahmed Alfthisi,abdulghani_ahmed_alfthisi
Abdulhafid Muhammed Alsaghir,abdulhafid_muhammed_alsaghir
Abdullah Housein Allafi,abdullah_housein_allafi
Abdullah Muhammed Lehmish,abdullah_muhammed_lehmish
Abdulmun'aim Emar Balkour,abdulmun'aim_emar_balkour
Abdulmun'aim Faraj Alfaqih,abdulmun'aim_faraj_alfaqih
Abdulmunaim Jum'aa Hasan,abdulmunaim_jum'aa_hasan
Abdulmuthalib Idris Hamed,abdulmuthalib_idris_hamed
Abdulnabi Albashir Abdulmawla,abdulnabi_albashir_abdulmawla
Abdulnaser Alameen Alna'as,abdulnaser_alameen_alna'as
Abdulnaser Bashir BenNafi'a,abdulnaser_bashir_bennafi'a
Abdulqader Bashir Hibah,abdulqader_bashir_hibah
Abdulqader Hasen Sulieman,abdulqader_hasen_sulieman
Abdulrahman Alhshibani Alsweihli,abdulrahman_alhshibani_alsweihli
Abdulraouf Ibrahim Almana'ai,abdulraouf_ibrahim_almana'ai
Abdulsalam Abdullah Nasiyah,abdulsalam_abdullah_nasiyah
Abdulsalam Muhammed Ali,abdulsalam_muhammed_ali
Abdulwahhab Omar Zoliyah,abdulwahhab_omar_zoliyah
Abdulwahid Emar 'Aashour Alqadi,abdulwahid_emar_'aashour_alqadi
Abosalah Abdulsalam Shalbi,abosalah_abdulsalam_shalbi
Aboualkhayer Alsha'ab Belkhayer,aboualkhayer_alsha'ab_belkhayer
Aboubaker Ahmed Saleh,aboubaker_ahmed_saleh
Aboubaker Ibrahim Milad,aboubaker_ibrahim_milad
Aboubaker Omar Muhammed,aboubaker_omar_muhammed
Abubaker Mustafa B'airah,abubaker_mustafa_b'airah
Adam Saleh Busakhra,adam_saleh_busakhra
Adel Faraj Ibrahim Althirah,adel_faraj_ibrahim_althirah
Adel Mawloud Mahfoud,adel_mawloud_mahfoud
Adnan Fouzi Alsha'ab,adnan_fouzi_alsha'ab
Agila Saleh Egwaider,agila_saleh_egwaider
Ahlam Muhammed Allafi,ahlam_muhammed_allafi
Ahmed Alsharef Rhouma,ahmed_alsharef_rhouma
Ahmed Shihoub Alwahdi,ahmed_shihoub_alwahdi
Aisha Almahdi Shalabi,aisha_almahdi_shalabi
Aisha Yousef Althbelqi,aisha_yousef_althbelqi
Akram Esa Omar Khalifa,akram_esa_omar_khalifa
Alhadi Ali Alsaghir,alhadi_ali_alsaghir
Ali Ahmed Ali Altekali,ali_ahmed_ali_altekali
Ali Als'aidi Alqaidi,ali_als'aidi_alqaidi
Ali Faraj Ibrahim Khaled,ali_faraj_ibrahim_khaled
Ali Khalifa Al'aisawi,ali_khalifa_al'aisawi
Ali Khalifa Salem Alsoul,ali_khalifa_salem_alsoul
Ali Muftah Omar Almjdoub,ali_muftah_omar_almjdoub
Ali Muhammed Hasan Abozriba,ali_muhammed_hasan_abozriba
Ali Muhammed Housein Kshir,ali_muhammed_housein_kshir
Ali Omar Aboalqasem Altekbali,ali_omar_aboalqasem_altekbali
Ali Ramadan Abuz'akouk,ali_ramadan_abuz'akouk
Ali Rhouma Alsaba'ai,ali_rhouma_alsaba'ai
Almabrouk Abdullah Alkabir,almabrouk_abdullah_alkabir
Almahdi Masoud Al'awer,almahdi_masoud_al'awer
Almuntasir Sa'ad 'Ali,almuntasir_sa'ad_'ali
Alsadeq Ali Alkahili,alsadeq_ali_alkahili
Alsadeq Muhammed Idris,alsadeq_muhammed_idris
Alsadiq Muftah Hmoudah,alsadiq_muftah_hmoudah
Amal Muhammed B'ayyu,amal_muhammed_b'ayyu
Amer Omran Aboubaker,amer_omran_aboubaker
Asma Mahmoud Alkhouja,asma_mahmoud_alkhouja
Asmahan Abdulqader Bela'oun,asmahan_abdulqader_bela'oun
Assalhin Abdannabi Sa'ad,assalhin_abdannabi_sa'ad
Asseyyedah Kamel Aly'aqoubi,asseyyedah_kamel_aly'aqoubi
Aymen Almbrouk Saif Alnaser,aymen_almbrouk_saif_alnaser
Aziza Kerkrah Abousetta,aziza_kerkrah_abousetta
Bader Ali Sulieman Musa,bader_ali_sulieman_musa
Bashir Ali Sa'ad Alahmar,bashir_ali_sa'ad_alahmar
Ehfid Khalifa Shaninah,ehfid_khalifa_shaninah
Ehmid Hamed Ali Houma,ehmid_hamed_ali_houma
Emar Milad Rajab Alablaq,emar_milad_rajab_alablaq
Emarah Ali Hasan Shenbaro,emarah_ali_hasan_shenbaro
Emhamed Ali Belqasem Sh'aib,emhamed_ali_belqasem_sh'aib
Esa Muhammed Al'aribi,esa_muhammed_al'aribi
Ezeddine Abdulsalam Qweireb,ezeddine_abdulsalam_qweireb
Ezeddine Musbah Aborawi,ezeddine_musbah_aborawi
Faez Mustafa Fouzi Alsaraj,faez_mustafa_fouzi_alsaraj
Fahmi Abdulrahman Altawati,fahmi_abdulrahman_altawati
Faraj Abdullah Hashem,faraj_abdullah_hashem
Faraj Bashir Abdulmalik,faraj_bashir_abdulmalik
Fathallah Housein Abdulkarim,fathallah_housein_abdulkarim
Fathi Abdulrahim Alqabasi,fathi_abdulrahim_alqabasi
Fathi Abdulsalam Alsharif,fathi_abdulsalam_alsharif
Fathi Ali Bashagha,fathi_ali_bashagha
Fatima Aboubaker Abousa'adah,fatima_aboubaker_abousa'adah
Fatima Ahmed Karis,fatima_ahmed_karis
Fatimah Abdulsalam Alsou'ai,fatimah_abdulsalam_alsou'ai
Fouzi Althaher Alnweiry,fouzi_althaher_alnweiry
Fouziyyah Muhammed Aboghalya,fouziyyah_muhammed_aboghalya
Friha Abdulsalam Alhadiri,friha_abdulsalam_alhadiri
Hamed Muhammed Maqiq,hamed_muhammed_maqiq
Hamoudah Ahmed Sayyala,hamoudah_ahmed_sayyala
Hana Khalifa Khalid Abodeib,hana_khalifa_khalid_abodeib
Hanan Muhammed Shlouf,hanan_muhammed_shlouf
Hasen Abubaker Omar Saleh,hasen_abubaker_omar_saleh
Hasen Alfurjani Salem,hasen_alfurjani_salem
Hasen Althaher Musbah,hasen_althaher_musbah
Hasen Saleh Alzarqa,hasen_saleh_alzarqa
Hujrah Abdulsalam Eskenda,hujrah_abdulsalam_eskenda
Ibrahim Abdullah Alzaghid,ibrahim_abdullah_alzaghid
Ibrahim Abubaker Aldarsi,ibrahim_abubaker_aldarsi
Ibrahim Fathi 'Ameish,ibrahim_fathi_'ameish
Ibrahim Muftah Hamed Salem,ibrahim_muftah_hamed_salem
Ibrahim Muhammed Krenfouda,ibrahim_muhammed_krenfouda
Ibrahim Musbah Alhadi,ibrahim_musbah_alhadi
Ibtisam Abdulhafid Omar Salem,ibtisam_abdulhafid_omar_salem
Ibtisam Abdulsalam Ben Jum'aa,ibtisam_abdulsalam_ben_jum'aa
Idris Abdullah Faraj,idris_abdullah_faraj
Idris Omran Adam,idris_omran_adam
Ism Abdullah Aljahani,ism_abdullah_aljahani
Ismaeil Muhammed Ismaeil,ismaeil_muhammed_ismaeil
Jaballah Muhammed Jaballah,jaballah_muhammed_jaballah
Jalal Saleh Ashwihdi,jalal_saleh_ashwihdi
Kamal Albashir Aljamel,kamal_albashir_aljamel
Khadijah Ahmed Alzarouq,khadijah_ahmed_alzarouq
Khalid Ali Muhammed Alostha,khalid_ali_muhammed_alostha
Khalifa Saleh Aldghari,khalifa_saleh_aldghari
Loua Muhammed Alghawi,loua_muhammed_alghawi
Masa'ab Muhammed Abolqasem,masa'ab_muhammed_abolqasem
Mdellah Muhammed Qendah,mdellah_muhammed_qendah
Mu'ad Rafi'a Saleh Masoud,mu'ad_rafi'a_saleh_masoud
Muftah Athiyah Alsha'ari,muftah_athiyah_alsha'ari
Muftah Esa Alkertihi,muftah_esa_alkertihi
Muftah Mraji'a Ekwider,muftah_mraji'a_ekwider
Muhammed Abdulkarim Alra'id,muhammed_abdulkarim_alra'id
Muhammed Abdulsalam 'Arifah,muhammed_abdulsalam_'arifah
Muhammed Adam Lino,muhammed_adam_lino
Muhammed Ahmed Niqro,muhammed_ahmed_niqro
Muhammed Alfitouri Alhanish,muhammed_alfitouri_alhanish
Muhammed Alhadi Ben Khalil,muhammed_alhadi_ben_khalil
Muhammed Ali Amoumen,muhammed_ali_amoumen
Muhammed Ali Ibrahim,muhammed_ali_ibrahim
Muhammed Almahdi Alhdiri,muhammed_almahdi_alhdiri
Muhammed Bashir Alfayres,muhammed_bashir_alfayres
Muhammed Ibrahim Aldrrath,muhammed_ibrahim_aldrrath
Muhammed Ibrahim Tamer,muhammed_ibrahim_tamer
Muhammed Ma'atoug Ejdid,muhammed_ma'atoug_ejdid
Muhammed Mansour Hnish,muhammed_mansour_hnish
Muhammed Musa Douma,muhammed_musa_douma
Muhammed Mustafa Rashed,muhammed_mustafa_rashed
Muhammed Omar Al'abani,muhammed_omar_al'abani
Muhammed Othman Ali Alshamakhi,muhammed_othman_ali_alshamakhi
Muhammed Sa'ad Saleh,muhammed_sa'ad_saleh
Muna Adam Alghithi,muna_adam_alghithi
Musbah Douma Ohidah,musbah_douma_ohidah
Musbah Miloud Albadawi,musbah_miloud_albadawi
Mustafa Abushagour Abushagour,mustafa_abushagour_abushagour
Mustafa Ahmed Abdulali,mustafa_ahmed_abdulali
N'aim Muhammed Abdulrahman,n'aim_muhammed_abdulrahman
Na'ima Ramadan Dalf,na'ima_ramadan_dalf
Naser Yousef Algheryani,naser_yousef_algheryani
Nasereddin Mahni Muftah,nasereddin_mahni_muftah
Nureddin Khalid Abdulhamid,nureddin_khalid_abdulhamid
Omar Ali Alajili Tantoush,omar_ali_alajili_tantoush
Omar Ghaith Abokader,omar_ghaith_abokader
Omar Salem Alarabi,omar_salem_alarabi
Osama Faraj Alsh'aafi,osama_faraj_alsh'aafi
Rabha Abdulsalam Alfurjani,rabha_abdulsalam_alfurjani
Rabi'aa Abdulrahman Aboras,rabi'aa_abdulrahman_aboras
Rabi'aa Alsadeq Alfaqih,rabi'aa_alsadeq_alfaqih
Rahma Abubaker Ali Adam,rahma_abubaker_ali_adam
Ramdan Muhammed Shembesh,ramdan_muhammed_shembesh
S'aid Khalid Esbaqa,s'aid_khalid_esbaqa
Sa'ad Abdulqader Albadri,sa'ad_abdulqader_albadri
Sa'ad Almeryami Almeryami,sa'ad_almeryami_almeryami
Sa'ad Muhammed Aljazwi,sa'ad_muhammed_aljazwi
Sabah Jum'aa Faraj,sabah_jum'aa_faraj
Salah Ali Alshibani Zoubik,salah_ali_alshibani_zoubik
Salah Alsahbi Ali Balhouq,salah_alsahbi_ali_balhouq
Saleh Abdulkarim Efhima,saleh_abdulkarim_efhima
Saleh Hashem Altha'a,saleh_hashem_altha'a
Saleh Hema Bekdah,saleh_hema_bekdah
Saleh Qelma Yesko Derkoi,saleh_qelma_yesko_derkoi
Salem Masoud Ahmed Qnidi,salem_masoud_ahmed_qnidi
Salem Masoud Qanan,salem_masoud_qanan
Sarah Amer Abduljalil Alsweih,sarah_amer_abduljalil_alsweih
Siham Salem Serqiwah,siham_salem_serqiwah
So'aad Abdullah Alsheli,so'aad_abdullah_alsheli
Suleiman Khathab 'Awed,suleiman_khathab_'awed
Suleiman Omar Alharai,suleiman_omar_alharai
Sulieman Muhammed Alfaqih,sulieman_muhammed_alfaqih
Sulthna Masoud Abdulrahim,sulthna_masoud_abdulrahim
Tareq Abdullah Alashter,tareq_abdullah_alashter
Tareq Aboubaker Abouhisa,tareq_aboubaker_abouhisa
Thariq Saqer Aljaroushi,thariq_saqer_aljaroushi
Younis Omar Fennoush,younis_omar_fennoush
Yousef Abdulsalam Alferjani,yousef_abdulsalam_alferjani
Yousef Kalikouri Qati Sidi,yousef_kalikouri_qati_sidi
Yousef Muhammed Alfakhri,yousef_muhammed_alfakhri
Yousif Ibrahim Hamed,yousif_ibrahim_hamed
Zayed Hadiyah Aboubaker,zayed_hadiyah_aboubaker
Ziyad Saleh Dghim,ziyad_saleh_dghim
