name,id
Abbas Sınay,abbas_sınay
Ahmet Gülle,ahmet_gülle
Ahmet Kaşif,Q4696177
Ali Pilli,ali_pilli
Arif Albayrak,arif_albayrak
Armağan Candan,armağan_candan
Asım Akansoy,asım_akansoy
Biray Hamzaoğlu,biray_hamzaoğlu
Birikim Özgür,birikim_Özgür
Doğuş Derya,Q20090577
Dursun Oğuz,dursun_oğuz
Erdal Özcenk,erdal_Özcenk
Ergün Serdaroğlu,ergün_serdaroğlu
Erkut Şahali,erkut_Şahali
Ersan Saner,ersan_saner
Ersin Tatar,ersin_tatar
Faiz Sucuoğlu,faiz_sucuoğlu
Fazilet Özdenefe,fazilet_Özdenefe
Ferdi Sabit Soyer,Q730602
Fikri Ataoğlu,fikri_ataoğlu
Hakan Dinçyürek,hakan_dinçyürek
Hamit Bakırcı,hamit_bakırcı
Hasan Taçoy,hasan_taçoy
Hüseyin Alanlı,hüseyin_alanlı
Hüseyin Angolemli,hüseyin_angolemli
Hüseyin Erçal,hüseyin_erçal
Hüseyin Özgürgün,Q58174
Kemal Dürüst,kemal_dürüst
Kutlu Evren,kutlu_evren
Mehmet Çakıcı,Q6058134
Mehmet Çağlar,mehmet_Çağlar
Menteş Gündüz,menteş_gündüz
Mustafa Arabacıoğlu,mustafa_arabacıoğlu
Nazım Çavuşoğlu,nazım_Çavuşoğlu
Salih İzbul,salih_İzbul
Serdar Denktaş,Q2272256
Sibel Siber,Q14330482
Sunat Atun,sunat_atun
Tahsin Ertuğruloğlu,Q2388336
Teberrüken Uluçay,teberrüken_uluçay
Tufan Erhürman,tufan_erhürman
Zeki Çeler,Q20744808
Zorlu Töre,zorlu_töre
Ömer Kalyoncu,Q20669153
Önder Sennaroğlu,Önder_sennaroğlu
Özdemir Berova,Özdemir_berova
Özdil Nami,Özdil_nami
Özkan Yorgancıoğlu,Q6065323
Ünal Üstel,Ünal_Üstel
İzlem Gürçağ,İzlem_gürçağ
Αχμέτ Κασίφ,Q4696177
Φερντί Σαμπίτ Σογιέρ,Q730602
"Йорганджиоглу, Озкан",Q6065323
"Озгюргюн, Хусейн",Q58174
"Сойер, Ферди Сабит",Q730602
فيردي ثابت سوير,Q730602
フセイン・オズグルグン,Q58174
奧瑪·卡勒揚庫,Q20669153
