name,id
Alvera Maduro-Caines,alvera_maduro-caines
Alvin Christopher,alvin_christopher
Andrew A. Fahie,andrew_a._fahie
Andrew Fahie,andrew_fahie
Archibald Christian,archibald_christian
Dancia Penn,dancia_penn
Dancia Penn-Sallah,dancia_penn
Delores Christopher,delores_christopher
Elvis Jerome Harrigan,elvis_jerome_harrigan
Hubert O'Neal,hubert_o'neal
Irene Penn-O'Neal,irene_penn-o'neal
J. Alvin Christopher,alvin_christopher
Julian Fraser,julian_fraser
Kedrick Pickering,kedrick_pickering
Keith L. Flax,keith_l._flax
Mark Vanterpool,mark_vanterpool
Marlon Penn,marlon_penn
Melvin Turnbull Jr.,melvin_turnbull_jr.
Myron Walwyn,myron_walwyn
Omar Hodge,omar_hodge
Omar Wallace Hodge,omar_hodge
Orlando Smith,orlando_smith
Ralph T. O'Neal,ralph_t._o'neal
Ralph T. O’Neal,ralph_t._o'neal
Ronnie Skelton,ronnie_skelton
Vernon Elroy Malone,vernon_elroy_malone
Vincent Gregory Scatliffe,vincent_gregory_scatliffe
Ορλάντο Σμιθ,orlando_smith
Ραλφ Ο'Νιλ,ralph_t._o'neal
