name,id
ABE Shinzo,abe_shinzo
ABE Tomoko,abe_tomoko
ABE Toshiko,abe_toshiko
ADACHI Yasushi,adachi_yasushi
AISAWA Ichiro,aisawa_ichiro
AKABA Kazuyoshi,akaba_kazuyoshi
AKAEDA Tsuneo,akaeda_tsuneo
AKAMA Jiro,akama_jiro
AKAMATSU Hirotaka,akamatsu_hirotaka
AKAMINE Seiken,akamine_seiken
AKAZAWA Ryosei,akazawa_ryosei
AKIBA Kenya,akiba_kenya
AKIMOTO Masatoshi,akimoto_masatoshi
AKIMOTO Tsukasa,akimoto_tsukasa
AMARI Akira,amari_akira
ANAMI Yoichi,anami_yoichi
ANDO Hiroshi,ando_hiroshi
AOYAGI Yoichiro,aoyagi_yoichiro
AOYAMA Shuhei,aoyama_shuhei
ARAI Satoshi,arai_satoshi
ASAO Keiichiro,asao_keiichiro
ASO Taro,aso_taro
AZUMI Jun,azumi_jun
BABA Nobuyuki,baba_nobuyuki
BANNO Yutaka,banno_yutaka
DOI Toru,doi_toru
EDA Kenji,eda_kenji
EDA Yasuyuki,eda_yasuyuki
EDANO Yukio,edano_yukio
ENDO Takashi,endo_takashi
ENDO Toshiaki,endo_toshiaki
ESAKI Tetsuma,esaki_tetsuma
ETO Akinori,eto_akinori
ETO Seishiro,eto_seishiro
ETO Taku,eto_taku
FUJII Hisayuki,fujii_hisayuki
FUJIMARU Satoshi,fujimaru_satoshi
FUJINO Yasufumi,fujino_yasufumi
FUJIWARA Takashi,fujiwara_takashi
FUKUDA Akio,fukuda_akio
FUKUDA Mineyuki,fukuda_mineyuki
FUKUDA Tatsuo,fukuda_tatsuo
FUKUI Teru,fukui_teru
FUKUSHIMA Nobuyuki,fukushima_nobuyuki
FUKUYAMA Mamoru,fukuyama_mamoru
FUNADA Hajime,funada_hajime
FURUKAWA Motohisa,furukawa_motohisa
FURUKAWA Yasushi,furukawa_yasushi
FURUKAWA Yoshihisa,furukawa_yoshihisa
FURUMOTO Shinichiro,furumoto_shinichiro
FURUTA Keiichi,furuta_keiichi
FURUYA Keiji,furuya_keiji
FURUYA Noriko,furuya_noriko
GEMBA Koichiro,gemba_koichiro
GOTO Shigeyuki,goto_shigeyuki
GOTO Yuichi,goto_yuichi
GOTODA Masazumi,gotoda_masazumi
HAGIUDA Koichi,hagiuda_koichi
HAMACHI Masakazu,hamachi_masakazu
HAMADA Yasukazu,hamada_yasukazu
HAMAMURA Susumu,hamamura_susumu
HANASHI Yasuhiro,hanashi_yasuhiro
HARADA Kenji,harada_kenji
HARADA Yoshiaki,harada_yoshiaki
HARAGUCHI Kazuhiro,haraguchi_kazuhiro
HASE Hiroshi,hase_hiroshi
HASHIMOTO Gaku,hashimoto_gaku
HASHIMOTO Hidenori,hashimoto_hidenori
HATANO Kimie,hatano_kimie
HATAYAMA Kazuya,hatayama_kazuya
HATOYAMA Kunio,hatoyama_kunio
HATSUSHIKA Akihiro,hatsushika_akihiro
HAYASHI Motoo,hayashi_motoo
HIGA Natsumi,higa_natsumi
HIGUCHI Naoya,higuchi_naoya
HIRAGUCHI Hiroshi,hiraguchi_hiroshi
HIRAI Takuya,hirai_takuya
HIRANO Hirofumi,hirano_hirofumi
HIRANUMA Takeo,hiranuma_takeo
HIRASAWA Katsuei,hirasawa_katsuei
HORII Manabu,horii_manabu
HORIUCHI Noriko,horiuchi_noriko
HORIUCHI Terufumi,horiuchi_terufumi
HOSHINO Tsuyoshi,hoshino_tsuyoshi
HOSODA Hiroyuki,hosoda_hiroyuki
HOSODA Kenichi,hosoda_kenichi
HOSONO Goshi,hosono_goshi
IBAYASHI Tatsunori,ibayashi_tatsunori
IBUKI Bunmei,ibuki_bunmei
IDE Yosei,ide_yosei
IKEDA Michitaka,ikeda_michitaka
IKEDA Yoshitaka,ikeda_yoshitaka
IKEUCHI Saori,ikeuchi_saori
IMAEDA Soichiro,imaeda_soichiro
IMAI Masato,imai_masato
IMAMURA Masahiro,imamura_masahiro
IMAZU Hiroshi,imazu_hiroshi
INADA Tomomi,inada_tomomi
INATSU Hisashi,inatsu_hisashi
INO Toshiro,ino_toshiro
INOUE Hidetaka,inoue_hidetaka
INOUE Shinji,inoue_shinji
INOUE Takahiro,inoue_takahiro
INOUE Yoshihisa,inoue_yoshihisa
ISA Shinichi,isa_shinichi
ISAKA Nobuhiko,isaka_nobuhiko
ISHIBA Shigeru,ishiba_shigeru
ISHIDA Masatoshi,ishida_masatoshi
ISHIDA Noritoshi,ishida_noritoshi
ISHIHARA Hirotaka,ishihara_hirotaka
ISHIHARA Nobuteru,ishihara_nobuteru
ISHII Keiichi,ishii_keiichi
ISHIKAWA Akimasa,ishikawa_akimasa
ISHIZAKI Toru,ishizaki_toru
ISHIZEKI Takashi,ishizeki_takashi
ITO Nobuhisa,ito_nobuhisa
ITO Shintaro,ito_shintaro
ITO Tadahiko,ito_tadahiko
ITO Tatsuya,ito_tatsuya
ITO Wataru,ito_wataru
ITO Yoshitaka,ito_yoshitaka
IWATA Kazuchika,iwata_kazuchika
IWAYA Takeshi,iwaya_takeshi
IZUMI Kenta,izumi_kenta
KADO Hirofumi,kado_hirofumi
KADOYAMA Hiroaki,kadoyama_hiroaki
KAJIYAMA Hiroshi,kajiyama_hiroshi
KAKIZAWA Mito,kakizawa_mito
KAMEI Shizuka,kamei_shizuka
KAMEOKA Yoshitami,kameoka_yoshitami
KAMIKAWA Yoko,kamikawa_yoko
KAMITANI Noboru,kamitani_noboru
KAMIYAMA Saichi,kamiyama_saichi
KAMIYAMA Yosuke,kamiyama_yosuke
KAMOSHITA Ichiro,kamoshita_ichiro
KAN Naoto,kan_naoto
KANDA Kenji,kanda_kenji
KANEDA Katsutoshi,kaneda_katsutoshi
KANEKO Emi,kaneko_emi
KANEKO Kazuyoshi,kaneko_kazuyoshi
KANEKO Masuo,kaneko_masuo
KANEKO Megumi,kaneko_megumi
KANEKO Yasushi,kaneko_yasushi
KANKE Ichiro,kanke_ichiro
KASAI Akira,kasai_akira
KATO Ayuko,kato_ayuko
KATO Kanji,kato_kanji
KATO Katsunobu,kato_katsunobu
KATSUMATA Takaaki,katsumata_takaaki
KATSUNUMA Shigeaki,katsunuma_shigeaki
KAWABATA Tatsuo,kawabata_tatsuo
KAWAI Katsuyuki,kawai_katsuyuki
KAWAMURA Takeo,kawamura_takeo
KAWANO Masami,kawano_masami
KAWASAKI Jiro,kawasaki_jiro
KIHARA Minoru,kihara_minoru
KIHARA Seiji,kihara_seiji
KIKAWADA Hitoshi,kikawada_hitoshi
KIKAWADA Toru,kikawada_toru
KIKUTA Makiko,kikuta_makiko
KIMURA Taro,kimura_taro
KIMURA Yayoi,kimura_yayoi
KINOSHITA Tomohiko,kinoshita_tomohiko
KIRA Shuji,kira_shuji
KISHI Nobuo,kishi_nobuo
KISHIDA Fumio,kishida_fumio
KISHIMOTO Shuhei,kishimoto_shuhei
KITAGAWA Kazuo,kitagawa_kazuo
KITAGAWA Tomokatsu,kitagawa_tomokatsu
KITAMURA Seigo,kitamura_seigo
KITAMURA Shigeo,kitamura_shigeo
KIUCHI Hitoshi,kiuchi_hitoshi
KIUCHI Minoru,kiuchi_minoru
KIUCHI Takatane,kiuchi_takatane
KOBAYASHI Fumiaki,kobayashi_fumiaki
KOBAYASHI Takayuki,kobayashi_takayuki
KOGA Atsushi,koga_atsushi
KOIKE Yuriko,koike_yuriko
KOIZUMI Ryuji,koizumi_ryuji
KOIZUMI Shinjiro,koizumi_shinjiro
KOJIMA Toshifumi,kojima_toshifumi
KOKUBA Konosuke,kokuba_konosuke
KOKUTA Keiji,kokuta_keiji
KOMATSU Yutaka,komatsu_yutaka
KOMIYAMA Yasuko,komiyama_yasuko
KOMURA Masahiko,komura_masahiko
KONDO Shoichi,kondo_shoichi
KONDO Yosuke,kondo_yosuke
KONNO Tomohiro,konno_tomohiro
KONO Taro,kono_taro
KORI Kazuko,kori_kazuko
KOSHIMIZU Keiichi,koshimizu_keiichi
KOYAMA Nobuhiro,koyama_nobuhiro
KUDO Shozo,kudo_shozo
KUMADA Hiromichi,kumada_hiromichi
KUNISHIGE Toru,kunishige_toru
KUROIWA Takahiro,kuroiwa_takahiro
MABUCHI Sumio,mabuchi_sumio
MAEDA Kazuo,maeda_kazuo
MAEHARA Seiji,maehara_seiji
MAEKAWA Megumi,maekawa_megumi
MAJIMA Shozo,majima_shozo
MAKI Yoshio,maki_yoshio
MAKIHARA Hideki,makihara_hideki
MAKISHIMA Karen,makishima_karen
MARUYAMA Hodaka,maruyama_hodaka
MASUTA Sekio,masuta_sekio
MASUYA Keigo,masuya_keigo
MATSUBARA Jin,matsubara_jin
MATSUDA Naohisa,matsuda_naohisa
MATSUKI Kenko,matsuki_kenko
MATSUMOTO Fumiaki,matsumoto_fumiaki
MATSUMOTO Jun,matsumoto_jun
MATSUMOTO Takeaki,matsumoto_takeaki
MATSUMOTO Yohei,matsumoto_yohei
MATSUNAMI Kenta,matsunami_kenta
MATSUNO Hirokazu,matsuno_hirokazu
MATSUNO Yorihisa,matsuno_yorihisa
MATSUSHIMA Midori,matsushima_midori
MAYAMA Yuichi,mayama_yuichi
MIHARA Asahiko,mihara_asahiko
MINORIKAWA Nobuhide,minorikawa_nobuhide
MITO Masashi,mito_masashi
MITSUBAYASHI Hiromi,mitsubayashi_hiromi
MITSUYA Norio,mitsuya_norio
MIYAGAWA Noriko,miyagawa_noriko
MIYAJI Takuma,miyaji_takuma
MIYAKOSHI Mitsuhiro,miyakoshi_mitsuhiro
MIYAMOTO Takeshi,miyamoto_takeshi
MIYAMOTO Toru,miyamoto_toru
MIYASHITA Ichiro,miyashita_ichiro
MIYAUCHI Hideki,miyauchi_hideki
MIYAZAKI Kensuke,miyazaki_kensuke
MIYAZAKI Masahisa,miyazaki_masahisa
MIYAZAKI Takeshi,miyazaki_takeshi
MIYAZAWA Hiroyuki,miyazawa_hiroyuki
MOCHIZUKI Yoshio,mochizuki_yoshio
MORI Eisuke,mori_eisuke
MORIYAMA Hiroshi,moriyama_hiroshi
MORIYAMA Masahito,moriyama_masahito
MOTEGI Toshimitsu,motegi_toshimitsu
MOTOMURA Kentaro,motomura_kentaro
MOTOMURA Nobuko,motomura_nobuko
MUNEKIYO Koichi,munekiyo_koichi
MURAI Hideki,murai_hideki
MURAKAMI Seiichiro,murakami_seiichiro
MURAOKA Toshihide,muraoka_toshihide
MUTAI Shunsuke,mutai_shunsuke
MUTO Takaya,muto_takaya
MUTO Yoji,muto_yoji
NAGAO Takashi,nagao_takashi
NAGAOKA Keiko,nagaoka_keiko
NAGASAKA Yasumasa,nagasaka_yasumasa
NAGASAKI Kotaro,nagasaki_kotaro
NAGASHIMA Akihisa,nagashima_akihisa
NAGASHIMA Tadayoshi,nagashima_tadayoshi
NAGATSUMA Akira,nagatsuma_akira
NAKAGAWA Masaharu,nakagawa_masaharu
NAKAGAWA Toshinao,nakagawa_toshinao
NAKAGAWA Yasuhiro,nakagawa_yasuhiro
NAKAGAWA Yuko,nakagawa_yuko
NAKAJIMA Katsuhito,nakajima_katsuhito
NAKAMURA Hiroyuki,nakamura_hiroyuki
NAKAMURA Kishiro,nakamura_kishiro
NAKANE Kazuyuki,nakane_kazuyuki
NAKANE Yasuhiro,nakane_yasuhiro
NAKANO Hiromasa,nakano_hiromasa
NAKATANI Gen,nakatani_gen
NAKATANI Shinichi,nakatani_shinichi
NAKAYAMA Norihiro,nakayama_norihiro
NAKAYAMA Yasuhide,nakayama_yasuhide
NAKAZATO Toshinobu,nakazato_toshinobu
NEMOTO Takumi,nemoto_takumi
NEMOTO Yukinori,nemoto_yukinori
NIKAI Toshihiro,nikai_toshihiro
NISHIKAWA Koya,nishikawa_koya
NISHIME Kosaburo,nishime_kosaburo
NISHIMURA Akihiro,nishimura_akihiro
NISHIMURA Chinami,nishimura_chinami
NISHIMURA Yasutoshi,nishimura_yasutoshi
NIWA Hideki,niwa_hideki
NIWA Yuya,niwa_yuya
NODA Seiko,noda_seiko
NODA Takeshi,noda_takeshi
NODA Yoshihiko,noda_yoshihiko
NOMA Takeshi,noma_takeshi
NONAKA Atsushi,nonaka_atsushi
NUKAGA Fukushiro,nukaga_fukushiro
OBUCHI Yuko,obuchi_yuko
OCHI Takao,ochi_takao
OCHIAI Takayuki,ochiai_takayuki
ODAWARA Kiyoshi,odawara_kiyoshi
OGATA Rintaro,ogata_rintaro
OGAWA Junya,ogawa_junya
OGUCHI Yoshinori,oguchi_yoshinori
OGUMA Shinji,oguma_shinji
OGURA Masanobu,ogura_masanobu
OGUSHI Hiroshi,ogushi_hiroshi
OGUSHI Masaki,ogushi_masaki
OHATA Akihiro,ohata_akihiro
OHIRA Yoshinobu,ohira_yoshinobu
OKADA Katsuya,okada_katsuya
OKAMOTO Mitsunari,okamoto_mitsunari
OKAMOTO Mitsunori,okamoto_mitsunori
OKASHITA Shohei,okashita_shohei
OKONOGI Hachiro,okonogi_hachiro
OKUMA Kazuhide,okuma_kazuhide
OKUNO Shinsuke,okuno_shinsuke
OKUNO Soichiro,okuno_soichiro
OMI Asako,omi_asako
OMI Sei,omi_sei
ONIKI Makoto,oniki_makoto
ONISHI Hideo,onishi_hideo
ONISHI Hiroyuki,onishi_hiroyuki
ONISHI Kensuke,onishi_kensuke
ONO Keitaro,ono_keitaro
ONODERA Itsunori,onodera_itsunori
OOKA Toshitaka,ooka_toshitaka
OSAKA Seiji,osaka_seiji
OSHIMA Atsushi,oshima_atsushi
OSHIMA Tadamori,oshima_tadamori
OTA Akihiro,ota_akihiro
OTA Kazumi,ota_kazumi
OTSUKA Takashi,otsuka_takashi
OTSUKA Taku,otsuka_taku
OZATO Yasuhiro,ozato_yasuhiro
OZAWA Ichiro,ozawa_ichiro
OZAWA Sakihito,ozawa_sakihito
RYU Hirofumi,ryu_hirofumi
SAITO Hiroaki,saito_hiroaki
SAITO Kazuko,saito_kazuko
SAITO Ken,saito_ken
SAITO Tetsuo,saito_tetsuo
SAKAI Manabu,sakai_manabu
SAKAMOTO Tetsushi,sakamoto_tetsushi
SAKAMOTO Yunosuke,sakamoto_yunosuke
SAKURADA Yoshitaka,sakurada_yoshitaka
SASAGAWA Hiroyoshi,sasagawa_hiroyoshi
SASAKI Hajime,sasaki_hajime
SASAKI Takahiro,sasaki_takahiro
SATA Genichiro,sata_genichiro
SATO Akira,sato_akira
SATO Hidemichi,sato_hidemichi
SATO Shigeki,sato_shigeki
SATO Tsutomu,sato_tsutomu
SATO Yukari,sato_yukari
SEKI Yoshihiro,seki_yoshihiro
SETO Takakazu,seto_takakazu
SHIBAYAMA Masahiko,shibayama_masahiko
SHIGETOKU Kazuhiko,shigetoku_kazuhiko
SHII Kazuo,shii_kazuo
SHIIKI Tamotsu,shiiki_tamotsu
SHIMADA Yoshikazu,shimada_yoshikazu
SHIMAZU Yukihiro,shimazu_yukihiro
SHIMIZU Tadashi,shimizu_tadashi
SHIMOJI Mikio,shimoji_mikio
SHIMOMURA Hakubun,shimomura_hakubun
SHINA Takeshi,shina_takeshi
SHINDO Yoshitaka,shindo_yoshitaka
SHINOHARA Go,shinohara_go
SHINOHARA Takashi,shinohara_takashi
SHINTANI Masayoshi,shintani_masayoshi
SHIOKAWA Tetsuya,shiokawa_tetsuya
SHIONOYA Ryu,shionoya_ryu
SHIOZAKI Yasuhisa,shiozaki_yasuhisa
SHIRAISHI Toru,shiraishi_toru
SHIRASUKA Takaki,shirasuka_takaki
SONODA Hiroyuki,sonoda_hiroyuki
SONOURA Kentaro,sonoura_kentaro
SUGA Yoshihide,suga_yoshihide
SUGAWARA Isshu,sugawara_isshu
SUKEDA Shigeyoshi,sukeda_shigeyoshi
SUZUKI Hayato,suzuki_hayato
SUZUKI Junji,suzuki_junji
SUZUKI Katsumasa,suzuki_katsumasa
SUZUKI Keisuke,suzuki_keisuke
SUZUKI Norikazu,suzuki_norikazu
SUZUKI Shunichi,suzuki_shunichi
SUZUKI Takako,suzuki_takako
SUZUKI Yoshihiro,suzuki_yoshihiro
TABATA Hiroaki,tabata_hiroaki
TACHIBANA Keiichiro,tachibana_keiichiro
TADOKORO Yoshinori,tadokoro_yoshinori
TAIRA Masaaki,taira_masaaki
TAJIMA Issei,tajima_issei
TAJIMA Kaname,tajima_kaname
TAKAGI Hirohisa,takagi_hirohisa
TAKAGI Michiyo,takagi_michiyo
TAKAGI Tsuyoshi,takagi_tsuyoshi
TAKAGI Yosuke,takagi_yosuke
TAKAHASHI Chizuko,takahashi_chizuko
TAKAHASHI Hinako,takahashi_hinako
TAKAI Takashi,takai_takashi
TAKAICHI Sanae,takaichi_sanae
TAKAKI Yoshiaki,takaki_yoshiaki
TAKATORI Shuichi,takatori_shuichi
TAKEBE Arata,takebe_arata
TAKEDA Ryota,takeda_ryota
TAKEI Shunsuke,takei_shunsuke
TAKEMASA Koichi,takemasa_koichi
TAKEMOTO Naokazu,takemoto_naokazu
TAKEMURA Nobuhide,takemura_nobuhide
TAKESHITA Wataru,takeshita_wataru
TAKEUCHI Yuzuru,takeuchi_yuzuru
TAMAKI Denny,tamaki_denny
TAMAKI Yuichiro,tamaki_yuichiro
TAMURA Norihisa,tamura_norihisa
TAMURA Takaaki,tamura_takaaki
TANAHASHI Yasufumi,tanahashi_yasufumi
TANAKA Hideyuki,tanaka_hideyuki
TANAKA Kazunori,tanaka_kazunori
TANAKA Ryosei,tanaka_ryosei
TANI Koichi,tani_koichi
TANIGAKI Sadakazu,tanigaki_sadakazu
TANIGAWA Tomu,tanigawa_tomu
TANIGAWA Yaichi,tanigawa_yaichi
TANIHATA Takashi,tanihata_takashi
TANOSE Taido,tanose_taido
TERADA Minoru,terada_minoru
TERATA Manabu,terata_manabu
TERUYA Kantoku,teruya_kantoku
TOGASHI Hiroyuki,togashi_hiroyuki
TOKAI Kisaburo,tokai_kisaburo
TOKASHIKI Naomi,tokashiki_naomi
TOMIOKA Tsutomu,tomioka_tsutomu
TOMITA Shigeyuki,tomita_shigeyuki
TOYAMA Kiyohiko,toyama_kiyohiko
TOYOTA Mayuko,toyota_mayuko
TSUCHIYA Masatada,tsuchiya_masatada
TSUCHIYA Shinako,tsuchiya_shinako
TSUJI Kiyoto,tsuji_kiyoto
TSUJIMOTO Kiyomi,tsujimoto_kiyomi
TSUMURA Keisuke,tsumura_keisuke
TSUNODA Hideo,tsunoda_hideo
TSUSHIMA Jun,tsushima_jun
UEDA Isamu,ueda_isamu
UENISHI Sayuri,uenishi_sayuri
UENO Kenichiro,ueno_kenichiro
UKISHIMA Tomoko,ukishima_tomoko
UMEMURA Saeko,umemura_saeko
URANO Yasuto,urano_yasuto
URUSHIBARA Yoshio,urushibara_yoshio
WAKAMIYA Kenji,wakamiya_kenji
WAKASA Masaru,wakasa_masaru
WASHIO Eiichiro,washio_eiichiro
WATANABE Hiromichi,watanabe_hiromichi
WATANABE Koichi,watanabe_koichi
WATANABE Shu,watanabe_shu
YAGI Tetsuya,yagi_tetsuya
YAMADA Kenji,yamada_kenji
YAMADA Miki,yamada_miki
YAMAGIWA Daishiro,yamagiwa_daishiro
YAMAGUCHI Shunichi,yamaguchi_shunichi
YAMAGUCHI Taimei,yamaguchi_taimei
YAMAGUCHI Tsuyoshi,yamaguchi_tsuyoshi
YAMAMOTO Koichi,yamamoto_koichi
YAMAMOTO Kozo,yamamoto_kozo
YAMAMOTO Taku,yamamoto_taku
YAMAMOTO Tomohiro,yamamoto_tomohiro
YAMAMOTO Yuji,yamamoto_yuji
YAMANOI Kazunori,yamanoi_kazunori
YAMAO Shiori,yamao_shiori
YAMASHITA Takashi,yamashita_takashi
YANA Kazuo,yana_kazuo
YASUOKA Okiharu,yasuoka_okiharu
YOKOMICHI Takahiro,yokomichi_takahiro
YOKOYAMA Hiroyuki,yokoyama_hiroyuki
YOSHIDA Nobuhiro,yoshida_nobuhiro
YOSHIDA Toyofumi,yoshida_toyofumi
YOSHIIE Hiroyuki,yoshiie_hiroyuki
YOSHIKAWA Hajime,yoshikawa_hajime
YOSHIKAWA Takamori,yoshikawa_takamori
YOSHIMURA Hirofumi,yoshimura_hirofumi
YOSHINO Masayoshi,yoshino_masayoshi
YUNOKI Michiyoshi,yunoki_michiyoshi
