name,id
Arnhim EUSTACE,arnhim_eustace
Cecil McKIE,cecil_mckie
Clayton BURGIN,clayton_burgin
Daniel CUMMINGS,daniel_cummings
Frederick STEPHENSON,frederick_stephenson
Girlyn MIGUEL,girlyn_miguel
Godwin FRIDAY,godwin_friday
Maxwell CHARLES,maxwell_charles
Montgomery DANIEL,montgomery_daniel
Nigel STEPHENSON,nigel_stephenson
Ralph GONSALVES,ralph_gonsalves
Roland MATHEWS,roland_matthews
Saboto CAESAR,saboto_caesar
St. Claire LEACOCK,stclaire_leacock
Terrance OLLIVIERRE,terrance_ollivierre
