name,id
Alban Anthony,alban_anthony
Alban Ulric Anthony,alban_ulric_anthony
Alred FRETT,alred_frett
Alvin CHRISTOPHER,alvin_christopher
Andre PENN,andre_penn
Andrew FAHIE,andrew_fahie
Austin Henley,austin_henley
Conrad Maduro,conrad_maduro
Cyril ROMNEY,cyril_romney
Delores CHRISTOPHER,delores_christopher
Earl Fraser,earl_fraser
Eileene PARSONS,eileene_parsons
Ethlyn Eugenie SMITH,ethlyn_eugenie_smith
Ethlyn SMITH,ethlyn_smith
"GEORGE, Reeial","george,_reeial"
H. Lavity STOUTT,hamilton_lavity_stoutt
Hamilton Lavity Stoutt,hamilton_lavity_stoutt
Julian FRASER,julian_fraser
Kedrick PICKERING,kedrick_pickering
Lavity Stoutt,hamilton_lavity_stoutt
Lloyd BLACK,lloyd_black
Louis WALTERS,louis_walters
Mark VANTERPOOL,mark_vanterpool
Oliver CILLS,oliver_cills
Omar HODGE,omar_hodge
Orlando Smith,orlando_smith
"PARSONS, Eileene","parsons,_eileene"
"PARSONS, Eilieene Lucia","parsons,_eilieene_lucia"
Prince STOUTT,prince_stoutt
Q.W. Osborne,qwominer_william_osborne
Qwominer William Osborne,qwominer_william_osborne
Ralph T. O'NEAL,ralph_t._o'neal
Ralph T. O’Neal,ralph_t._o'neal
Reeial George,reeial_george
"SKELTON, Ronnie","skelton,_ronnie"
"SKELTON, Ronnie W.","skelton,_ronnie_w."
"SMITH, D. Orlando",orlando_smith
Terrance B. Lettsome,terrance_b._lettsome
Terrence LETTSOME,terrance_b._lettsome
"WATTLEY, Paul P.","wattley,_paul_p."
Walwyn BREWLEY,walwyn_brewley
Willard Wheatley,willard_wheatley
Λαβίτι Στάουτ,hamilton_lavity_stoutt
Ορλάντο Σμιθ,orlando_smith
Ραλφ Ο'Νιλ,ralph_t._o'neal
