id,name,sort_name,email,twitter,facebook,group,group_id,area_id,area,chamber,term,start_date,end_date,image,gender
abba_boukar,ABBA BOUKAR,ABBA BOUKAR,,,,unknown,unknown,far-north-1,Far-North 1,Sénat,9,,,,female
abdoulaye_wouyack_marava,ABDOULAYE WOUYACK MARAVA,ABDOULAYE WOUYACK MARAVA,,,,unknown,unknown,far-north-4,Far-North 4,Sénat,9,,,,male
aboubakar_siroma,ABOUBAKAR SIROMA,ABOUBAKAR SIROMA,,,,unknown,unknown,adamaoua-1,Adamaoua 1,Sénat,9,,,,male
aboubakary_abdoulaye,ABOUBAKARY ABDOULAYE,ABOUBAKARY ABDOULAYE,,,,unknown,unknown,north-8,North 8,Sénat,9,,,,male
achidi_ashu_simon,ACHIDI ASHU Simon,ACHIDI ASHU Simon,,,,unknown,unknown,north-west-1,North-West 1,Sénat,9,,,,male
ahmadou_tidjani,AHMADOU TIDJANI,AHMADOU TIDJANI,,,,unknown,unknown,adamaoua-7,Adamaoua 7,Sénat,9,,,,male
alioum_aladji_hamadou,ALIOUM ALADJI HAMADOU,ALIOUM ALADJI HAMADOU,,,,unknown,unknown,far-north-3,Far-North 3,Sénat,9,,,,female
amama_amama_benjamin,AMAMA AMAMA Benjamin,AMAMA AMAMA Benjamin,,,,unknown,unknown,east-5,East 5,Sénat,9,,,,male
amidou_maurice,AMIDOU Maurice,AMIDOU Maurice,,,,unknown,unknown,north-6,North 6,Sénat,9,,,,male
amrakaye_martin,AMRAKAYE Martin,AMRAKAYE Martin,,,,unknown,unknown,far-north-7,Far-North 7,Sénat,9,,,,male
anong_adibime_pascal,ANONG ADIBIME Pascal,ANONG ADIBIME Pascal,,,,unknown,unknown,centre-4,Centre 4,Sénat,9,,,,male
awanga_zacharie,AWANGA Zacharie,AWANGA Zacharie,,,,unknown,unknown,north-west-6,North-West 6,Sénat,9,,,,male
baba_hamadou,BABA HAMADOU,BABA HAMADOU,,,,unknown,unknown,adamaoua-8,Adamaoua 8,Sénat,9,,,,male
baskouda_jean_baptiste,BASKOUDA Jean Baptiste,BASKOUDA Jean Baptiste,,,,unknown,unknown,far-north-9,Far-North 9,Sénat,9,,,,male
bebnone_payounni,BEBNONE PAYOUNNI,BEBNONE PAYOUNNI,,,,unknown,unknown,north-5,North 5,Sénat,9,,,,male
bell_luc_rené,BELL Luc René,BELL Luc René,,,,unknown,unknown,centre-5,Centre 5,Sénat,9,,,,female
chief_anja_simon_onjwo,Chief ANJA Simon ONJWO,Chief ANJA Simon ONJWO,,,,unknown,unknown,south-west-10,South-West 10,Sénat,9,,,,female
dakole_daÏssala,DAKOLE DAÏSSALA,DAKOLE DAÏSSALA,,,,unknown,unknown,far-north-10,Far-North 10,Sénat,9,,,,male
dinga_ignatius_bayin,DINGA Ignatius BAYIN,DINGA Ignatius BAYIN,,,,unknown,unknown,north-west-3,North-West 3,Sénat,9,,,,female
djomo_kamga_victor,DJOMO KAMGA Victor,DJOMO KAMGA Victor,,,,unknown,unknown,west-9,West 9,Sénat,9,,,,male
dr_amadou_alim,Dr AMADOU ALIM,Dr AMADOU ALIM,,,,unknown,unknown,north-3,North 3,Sénat,9,,,,male
ebongue_ngoh_jean_jules,EBONGUE NGOH Jean Jules,EBONGUE NGOH Jean Jules,,,,unknown,unknown,littoral-6,LITTORAL 6,Sénat,9,,,,female
essomba_tsoungui_elie,ESSOMBA TSOUNGUI Elie,ESSOMBA TSOUNGUI Elie,,,,unknown,unknown,centre-3,Centre 3,Sénat,9,,,,female
etame_massoma_david_siegfried,ETAME MASSOMA David Siegfried,ETAME MASSOMA David Siegfried,,,,unknown,unknown,littoral-9,LITTORAL 9,Sénat,9,,,,male
fon_teche_njei_ii,Fon TECHE NJEI II,Fon TECHE NJEI II,,,,unknown,unknown,north-west-10,North-West 10,Sénat,9,,,,male
fon._doh_ganyonga_iii,Fon. DOH GANYONGA III,Fon. DOH GANYONGA III,,,,unknown,unknown,north-west-8,North-West 8,Sénat,9,,,,female
fon._mukete_essimi_ngo_victor,Fon. MUKETE ESSIMI Ngo Victor,Fon. MUKETE ESSIMI Ngo Victor,,,,unknown,unknown,south-west-9,South-West 9,Sénat,9,,,,male
hamadou_abbo,HAMADOU ABBO,HAMADOU ABBO,,,,unknown,unknown,north-10,North 10,Sénat,9,,,,male
haman_paul,HAMAN Paul,HAMAN Paul,,,,unknown,unknown,adamaoua-3,Adamaoua 3,Sénat,9,,,,female
jikong_stephen_yerima,JIKONG Stephen YERIMA,JIKONG Stephen YERIMA,,,,unknown,unknown,north-west-7,North-West 7,Sénat,9,,,,male
kemayou_claude,KEMAYOU Claude,KEMAYOU Claude,,,,unknown,unknown,littoral-7,LITTORAL 7,Sénat,9,,,,female
kingue_simon,KINGUE Simon,KINGUE Simon,,,,unknown,unknown,littoral-5,LITTORAL 5,Sénat,9,,,,male
maande_paul,MAANDE Paul,MAANDE Paul,,,,unknown,unknown,adamaoua-4,Adamaoua 4,Sénat,9,,,,female
madiba_songue,MADIBA SONGUE,MADIBA SONGUE,,,,unknown,unknown,littoral-8,LITTORAL 8,Sénat,9,,,,male
mafany_musonge_peter,MAFANY MUSONGE Peter,MAFANY MUSONGE Peter,,,,unknown,unknown,south-west-8,South-West 8,Sénat,9,,,,male
mahamat_abdoulkarim,MAHAMAT ABDOULKARIM,MAHAMAT ABDOULKARIM,,,,unknown,unknown,far-north-2,Far-North 2,Sénat,9,,,,male
mahamat_bahar_manouf,MAHAMAT BAHAR Manouf,MAHAMAT BAHAR Manouf,,,,unknown,unknown,far-north-8,Far-North 8,Sénat,9,,,,male
maikano_abdoulahi,MAIKANO ABDOULAHI,MAIKANO ABDOULAHI,,,,unknown,unknown,adamaoua-2,Adamaoua 2,Sénat,9,,,,female
matta_joseph_roland,MATTA Joseph Roland,MATTA Joseph Roland,,,,unknown,unknown,east-8,East 8,Sénat,9,,,,male
matute_daniel,MATUTE Daniel,MATUTE Daniel,,,,unknown,unknown,south-west-4,South-West 4,Sénat,9,,,,male
mba_mba_grégoire,MBA MBA Grégoire,MBA MBA Grégoire,,,,unknown,unknown,south-4,South 4,Sénat,9,,,,female
mbassa_ndine_roger_victor,MBASSA NDINE Roger Victor,MBASSA NDINE Roger Victor,,,,unknown,unknown,littoral-4,LITTORAL 4,Sénat,9,,,,female
mbella_moki_charles,MBELLA MOKI Charles,MBELLA MOKI Charles,,,,unknown,unknown,south-west-7,South-West 7,Sénat,9,,,,female
mbita_mvaebeme,MBITA MVAEBEME,MBITA MVAEBEME,,,,unknown,unknown,south-7,South 7,Sénat,9,,,,female
mboundjo_jean,MBOUNDJO Jean,MBOUNDJO Jean,,,,unknown,unknown,east-7,East 7,Sénat,9,,,,female
menye_ondo_françois_xavier,MENYE ONDO François Xavier,MENYE ONDO François Xavier,,,,unknown,unknown,south-9,South 9,Sénat,9,,,,male
mohaman_gabdo,MOHAMAN GABDO,MOHAMAN GABDO,,,,unknown,unknown,adamaoua-10,Adamaoua 10,Sénat,9,,,,male
moussa_sabo,MOUSSA SABO,MOUSSA SABO,,,,unknown,unknown,adamaoua-9,Adamaoua 9,Sénat,9,,,,male
mme_aboui_marlyse,Mme ABOUI Marlyse,Mme ABOUI Marlyse,,,,unknown,unknown,east-10,East 10,Sénat,9,,,,male
mme_adamou_née_doudou,Mme ADAMOU née DOUDOU,Mme ADAMOU née DOUDOU,,,,unknown,unknown,north-7,North 7,Sénat,9,,,,male
mme_asta_yvonne,Mme ASTA Yvonne,Mme ASTA Yvonne,,,,unknown,unknown,north-4,North 4,Sénat,9,,,,male
mme_bisseck_paulette,Mme BISSECK Paulette,Mme BISSECK Paulette,,,,unknown,unknown,south-10,South 10,Sénat,9,,,,male
mme_din_bell_marie_armande,Mme DIN BELL Marie Armande,Mme DIN BELL Marie Armande,,,,unknown,unknown,littoral-3,LITTORAL 3,Sénat,9,,,,male
mme_djakaou_née_foutchou_julienne,Mme DJAKAOU née FOUTCHOU Julienne,Mme DJAKAOU née FOUTCHOU Julienne,,,,unknown,unknown,far-north-6,Far-North 6,Sénat,9,,,,male
mme_eloumba_medjo_thérèse,Mme ELOUMBA MEDJO Thérèse,Mme ELOUMBA MEDJO Thérèse,,,,unknown,unknown,south-5,South 5,Sénat,9,,,,male
mme_eno_lafon_emma_vergele,Mme ENO LAFON Emma VERGELE,Mme ENO LAFON Emma VERGELE,,,,unknown,unknown,north-west-4,North-West 4,Sénat,9,,,,female
mme_haoua_madeleine,Mme HAOUA Madeleine,Mme HAOUA Madeleine,,,,unknown,unknown,adamaoua-6,Adamaoua 6,Sénat,9,,,,male
mme_hayatou_aïcha_pierrette,Mme HAYATOU Aïcha Pierrette,Mme HAYATOU Aïcha Pierrette,,,,unknown,unknown,north-9,North 9,Sénat,9,,,,male
mme_medjo_delphine,Mme MEDJO Delphine,Mme MEDJO Delphine,,,,unknown,unknown,south-1,South 1,Sénat,9,,,,male
mme_metiedje_nguifo_tchetagne_delphine,Mme METIEDJE NGUIFO TCHETAGNE Delphine,Mme METIEDJE NGUIFO TCHETAGNE Delphine,,,,unknown,unknown,west-4,West 4,Sénat,9,,,,female
mme_moampea_marie_claire,Mme MOAMPEA Marie Claire,Mme MOAMPEA Marie Claire,,,,unknown,unknown,east-6,East 6,Sénat,9,,,,male
mme_ndjole_assouo_épse_tokpanou_isabelle,Mme NDJOLE ASSOUO épse TOKPANOU Isabelle,Mme NDJOLE ASSOUO épse TOKPANOU Isabelle,,,,unknown,unknown,east-2,East 2,Sénat,9,,,,male
mme_nnanga_ndoume,Mme NNANGA NDOUME,Mme NNANGA NDOUME,,,,unknown,unknown,south-6,South 6,Sénat,9,,,,male
mme_ntube_agnès_ndode_épse_ndjock,Mme NTUBE Agnès NDODE épse NDJOCK,Mme NTUBE Agnès NDODE épse NDJOCK,,,,unknown,unknown,south-west-5,South-West 5,Sénat,9,,,,female
mme_okala_bilaÎ_nicole,Mme OKALA BILAÎ Nicole,Mme OKALA BILAÎ Nicole,,,,unknown,unknown,centre-6,Centre 6,Sénat,9,,,,male
mme_ouli_ndongo_monique,Mme OULI NDONGO Monique,Mme OULI NDONGO Monique,,,,unknown,unknown,east-3,East 3,Sénat,9,,,,male
mme_tjoues_généviève,Mme TJOUES Généviève,Mme TJOUES Généviève,,,,unknown,unknown,littoral-1,LITTORAL 1,Sénat,9,,,,female
mme_zakiatou_épse_sale,Mme ZAKIATOU épse SALE,Mme ZAKIATOU épse SALE,,,,unknown,unknown,far-north-5,Far-North 5,Sénat,9,,,,male
mrs_ankie_affiong_rebecca_amah,Mrs ANKIE AFFIONG Rebecca AMAH,Mrs ANKIE AFFIONG Rebecca AMAH,,,,unknown,unknown,south-west-2,South-West 2,Sénat,9,,,,male
naah_ondoua_sylvestre,NAAH ONDOUA Sylvestre,NAAH ONDOUA Sylvestre,,,,unknown,unknown,centre-1,Centre 1,Sénat,9,,,,female
namio_pierre,NAMIO Pierre,NAMIO Pierre,,,,unknown,unknown,north-2,North 2,Sénat,9,,,,male
ndanga_ndinga_badel,NDANGA NDINGA Badel,NDANGA NDINGA Badel,,,,unknown,unknown,east-4,East 4,Sénat,9,,,,female
ngalli_ngoa_pierre_henri,NGALLI NGOA Pierre Henri,NGALLI NGOA Pierre Henri,,,,unknown,unknown,south-8,South 8,Sénat,9,,,,female
ngayap_pierre_flambeau,NGAYAP Pierre Flambeau,NGAYAP Pierre Flambeau,,,,unknown,unknown,littoral-10,LITTORAL 10,Sénat,9,,,,female
nguiebe_joël,NGUIEBE Joël,NGUIEBE Joël,,,,unknown,unknown,adamaoua-5,Adamaoua 5,Sénat,9,,,,female
niat_njifenji_marcel,NIAT NJIFENJI Marcel,NIAT NJIFENJI Marcel,,,,unknown,unknown,west-10,West 10,Sénat,9,,,,male
njifua_lucas_fontem,NJIFUA Lucas FONTEM,NJIFUA Lucas FONTEM,,,,unknown,unknown,south-west-3,South-West 3,Sénat,9,,,,female
nkodo_laurent,NKODO Laurent,NKODO Laurent,,,,unknown,unknown,centre-8,Centre 8,Sénat,9,,,,male
nkwain_francis,NKWAIN Francis,NKWAIN Francis,,,,unknown,unknown,north-west-9,North-West 9,Sénat,9,,,,male
nnemde_emmanuel,NNEMDE Emmanuel,NNEMDE Emmanuel,,,,unknown,unknown,centre-7,Centre 7,Sénat,9,,,,female
nono,NONO,NONO,,,,unknown,unknown,west-7,West 7,Sénat,9,,,,male
obam_assam_samuel,OBAM ASSAM Samuel,OBAM ASSAM Samuel,,,,unknown,unknown,south-3,South 3,Sénat,9,,,,female
ondoua_pius,ONDOUA Pius,ONDOUA Pius,,,,unknown,unknown,centre-9,Centre 9,Sénat,9,,,,male
otte_andrew_moffa,OTTE Andrew MOFFA,OTTE Andrew MOFFA,,,,unknown,unknown,south-west-6,South-West 6,Sénat,9,,,,male
pongmoni_jean_marie,PONGMONI Jean Marie,PONGMONI Jean Marie,,,,unknown,unknown,centre-10,Centre 10,Sénat,9,,,,male
s._m._ibrahim_mbombo_njoya,S. M. Ibrahim MBOMBO NJOYA,S. M. Ibrahim MBOMBO NJOYA,,,,unknown,unknown,west-8,West 8,Sénat,9,,,,male
s.m._mama_jean_marie,S.M. MAMA Jean Marie,S.M. MAMA Jean Marie,,,,unknown,unknown,centre-2,Centre 2,Sénat,9,,,,male
sale_charles,SALE Charles,SALE Charles,,,,unknown,unknown,east-1,East 1,Sénat,9,,,,male
sonkin_etienne,SONKIN Etienne,SONKIN Etienne,,,,unknown,unknown,west-5,West 5,Sénat,9,,,,male
tabe_tando_ndiep_nso,TABE TANDO NDIEP NSO,TABE TANDO NDIEP NSO,,,,unknown,unknown,south-west-1,South-West 1,Sénat,9,,,,male
tantse_tagne_bernard,TANTSE TAGNE Bernard,TANTSE TAGNE Bernard,,,,unknown,unknown,west-2,West 2,Sénat,9,,,,female
tchatchouang_paul,TCHATCHOUANG Paul,TCHATCHOUANG Paul,,,,unknown,unknown,west-3,West 3,Sénat,9,,,,male
tchomnou_raoul,TCHOMNOU Raoul,TCHOMNOU Raoul,,,,unknown,unknown,west-6,West 6,Sénat,9,,,,male
tobbo_eyoum_thomas,TOBBO EYOUM Thomas,TOBBO EYOUM Thomas,,,,unknown,unknown,littoral-2,LITTORAL 2,Sénat,9,,,,female
tsomelou_jean,TSOMELOU Jean,TSOMELOU Jean,,,,unknown,unknown,west-1,West 1,Sénat,9,,,,male
wallang_david_akwo,WALLANG David AKWO,WALLANG David AKWO,,,,unknown,unknown,north-west-2,North-West 2,Sénat,9,,,,male
wanlo_chiamua_john,WANLO CHIAMUA John,WANLO CHIAMUA John,,,,unknown,unknown,north-west-5,North-West 5,Sénat,9,,,,female
youssoufa_daoua,YOUSSOUFA DAOUA,YOUSSOUFA DAOUA,,,,unknown,unknown,north-1,North 1,Sénat,9,,,,female
zang_oyono_calvin,ZANG OYONO Calvin,ZANG OYONO Calvin,,,,unknown,unknown,south-2,South 2,Sénat,9,,,,male
ze_nguele_rené,ZE NGUELE René,ZE NGUELE René,,,,unknown,unknown,east-9,East 9,Sénat,9,,,,male
