id,name,sort_name,email,twitter,facebook,group,group_id,area_id,area,chamber,term,start_date,end_date,image,gender
605,ABDALLAH MOUSSA Haman,ABDALLAH MOUSSA Haman,haman.moussa@assnat.cm,,,CNU,cnu,area/north,NORTH,Assemblée Nationale,1,,,,
607,ABDOULAYE Ahamadou,ABDOULAYE Ahamadou,ahamadou.abdoulaye@.cm,,,CNU,cnu,area/north,NORTH,Assemblée Nationale,1,,,,
606,ABDOULAYE Fadimatou,ABDOULAYE Fadimatou,fadimatou.abdoulaye@assnat.cm,,,CNU,cnu,area/north,NORTH,Assemblée Nationale,1,,,,
609,ABONO Joseph Théophile,ABONO Joseph Théophile,théophile.abono@assnat.cm,,,CNU,cnu,area/east,EAST,Assemblée Nationale,1,,,,
611,ABOUBAKAR WABBI,ABOUBAKAR WABBI,wabbi.aboubakar@assnat.cm,,,CNU,cnu,area/north,NORTH,Assemblée Nationale,1,,,,
614,ADAMA HOULY,ADAMA HOULY,houly.adama@assnat.cm,,,CNU,cnu,area/north,NORTH,Assemblée Nationale,1,,,,
616,AMOUGOU NGUELE Paul,AMOUGOU NGUELE Paul,paul.amougou@assnat.cm,,,CNU,cnu,area/centre,CENTRE,Assemblée Nationale,1,,,,
618,AMYE Gérard,AMYE Gérard,gérard.amye@assnat.cm,,,CNU,cnu,area/south,SOUTH,Assemblée Nationale,1,,,,
620,ANGWAFOR IIA.N Salomon,ANGWAFOR IIA.N Salomon,salomon.angwafor@assnat.cm,,,CNU,cnu,area/north-west,NORTH-WEST,Assemblée Nationale,1,,,,
622,ATEMENGUE NKOULOU Bienvenue,ATEMENGUE NKOULOU Bienvenue,bienvenue.nkoulou@assnat.cm,,,CNU,cnu,area/centre,CENTRE,Assemblée Nationale,1,,,,
624,AVA AVA Jean Louis,AVA AVA Jean Louis,louis.ava@assnat.cm,,,CNU,cnu,area/centre,CENTRE,Assemblée Nationale,1,,,,
625,AZAOU DOGO,AZAOU DOGO,dogo.azaou@assnat.cm,,,CNU,cnu,area/north,NORTH,Assemblée Nationale,1,,,,
628,BABALE OUMAROU,BABALE OUMAROU,oumarou.babale@assnat.cm,,,CNU,cnu,area/north,NORTH,Assemblée Nationale,1,,,,
629,BALLA ONANA André,BALLA ONANA André,andré.balla@assnat.cm,,,CNU,cnu,area/centre,CENTRE,Assemblée Nationale,1,,,,
630,BAU OKHA,BAU OKHA,okha.bau@assnat.cm,,,CNU,cnu,area/south-west,SOUTH-WEST,Assemblée Nationale,1,,,,
633,BIKELE NOMO,BIKELE NOMO,,,,CNU,cnu,area/north,NORTH,Assemblée Nationale,1,,,,
636,BIKOULA Siméon,BIKOULA Siméon,siméon.bikoula@assnat.cm,,,CNU,cnu,area/centre,CENTRE,Assemblée Nationale,1,,,,
637,BODIONG Thomas Georges,BODIONG Thomas Georges,thomas.bodiong@assnat.cm,,,CNU,cnu,area/centre,CENTRE,Assemblée Nationale,1,,,,
640,BOUBA DANKY,BOUBA DANKY,danky.bouba@assnat.cm,,,CNU,cnu,area/north,NORTH,Assemblée Nationale,1,,,,
642,BOUM Benjamin Jules,BOUM Benjamin Jules,jules.boum@assnat.cm,,,CNU,cnu,area/centre,CENTRE,Assemblée Nationale,1,,,,
645,BURNLEY Gwendoline E.,BURNLEY Gwendoline E.,burnley.gwendoline@assnat.cm,,,CNU,cnu,area/south-west,SOUTH-WEST,Assemblée Nationale,1,,,,
647,CAVAYE YEGUIE Djibril,CAVAYE YEGUIE Djibril,djibril.cavaye@assnat.cm,,,CNU,cnu,area/north,NORTH,Assemblée Nationale,1,,,,
649,CHILLA HE'EN Prudence,CHILLA HE'EN Prudence,prudence.chilla@assnat.cm,,,CNU,cnu,area/north-west,NORTH-WEST,Assemblée Nationale,1,,,,
651,DIN SAME Richard,DIN SAME Richard,richard.same@assnat.cm,,,CNU,cnu,area/littoral,LITTORAL,Assemblée Nationale,1,,,,
653,EBONGALAME Thomas,EBONGALAME Thomas,thomas.ebongalame@assnat.cm,,,CNU,cnu,area/south-west,SOUTH-WEST,Assemblée Nationale,1,,,,
655,EFFIOM Willie NDEP OROCK,EFFIOM Willie NDEP OROCK,willi.ndep@assnat.cm,,,CNU,cnu,area/south-west,SOUTH-WEST,Assemblée Nationale,1,,,,
657,EKWABI EWANE Jean,EKWABI EWANE Jean,jean.ewane@assnat.cm,,,CNU,cnu,area/littoral,LITTORAL,Assemblée Nationale,1,,,,
660,EMAH Basile,EMAH Basile,basile.emah@assnat.cm,,,CNU,cnu,area/centre,CENTRE,Assemblée Nationale,1,,,,
662,ENDELEY M.L Emmanuel,ENDELEY M.L Emmanuel,emmmanuel.endeley@assnat.cm,,,CNU,cnu,area/south-west,SOUTH-WEST,Assemblée Nationale,1,,,,
663,FOMUN AKUM Peter,FOMUN AKUM Peter,peter.fomun@assnat.cm,,,CNU,cnu,area/north-west,NORTH-WEST,Assemblée Nationale,1,,,,
665,FONDJO Joseph,FONDJO Joseph,joseph.fondjo.@assnat.cm,,,CNU,cnu,area/west,WEST,Assemblée Nationale,1,,,,
667,FONKA SHANG Lawrence,FONKA SHANG Lawrence,,,,CNU,cnu,area/north-west,NORTH-WEST,Assemblée Nationale,1,,,,
669,FORETIA BEJA TAYOH Bernard,FORETIA BEJA TAYOH Bernard,bernard.tayoh@assnat.cm,,,CNU,cnu,area/south-west,SOUTH-WEST,Assemblée Nationale,1,,,,
671,FOUDA MEYONG Gallus,FOUDA MEYONG Gallus,gallus.meyong@assnat.cm,,,CNU,cnu,area/centre,CENTRE,Assemblée Nationale,1,,,,
674,FOUDA OMGBA André,FOUDA OMGBA André,andré.fouda@assnat.cm,,,CNU,cnu,area/centre,CENTRE,Assemblée Nationale,1,,,,
676,GOBE née MAYE Brigitte,GOBE née MAYE Brigitte,brigitte.gobe@assnat.cm,,,CNU,cnu,area/littoral,LITTORAL,Assemblée Nationale,1,,,,
678,GUIEME GARBA,GUIEME GARBA,garba.guieme@assnat.cm,,,CNU,cnu,area/north,NORTH,Assemblée Nationale,1,,,,
680,HAMADJAM SAH PASSOUTE,HAMADJAM SAH PASSOUTE,passoute.hamadjam@assnat.cm,,,CNU,cnu,area/north,NORTH,Assemblée Nationale,1,,,,
683,HAMADOU ABBAWA,HAMADOU ABBAWA,abbawa.hamadou@assnat.cm,,,CNU,cnu,area/north,NORTH,Assemblée Nationale,1,,,,
684,HAMOA HAMATOUKOUR,HAMOA HAMATOUKOUR,hamatoukou.hamoa@assnat.cm,,,CNU,cnu,area/north,NORTH,Assemblée Nationale,1,,,,
686,HECHEKET HAMADOU,HECHEKET HAMADOU,hamadou.hecheket@assnat.cm,,,CNU,cnu,area/north,NORTH,Assemblée Nationale,1,,,,
689,HOULY HARAMBE,HOULY HARAMBE,harambe.houly@assnat.cm,,,CNU,cnu,area/north,NORTH,Assemblée Nationale,1,,,,
692,JAHEAUD MEYDJETTHY B.,JAHEAUD MEYDJETTHY B.,meydjetthy.jaheaud@assnat.cm,,,CNU,cnu,area/east,EAST,Assemblée Nationale,1,,,,
694,JOU TAGNY Philippe,JOU TAGNY Philippe,philippe.tagny@assnat.cm,,,CNU,cnu,area/west,WEST,Assemblée Nationale,1,,,,
695,KANGKOLO CHE Joseph,KANGKOLO CHE Joseph,joseph.kangkolo@assnat.cm,,,CNU,cnu,area/north-west,NORTH-WEST,Assemblée Nationale,1,,,,
697,KATHOU NDENGUE Jean,KATHOU NDENGUE Jean,jean.ndengue@assnat.cm,,,CNU,cnu,area/centre,CENTRE,Assemblée Nationale,1,,,,
699,KOAMBI Dieudonné David,KOAMBI Dieudonné David,david.koambi@assnat.cm,,,CNU,cnu,area/east,EAST,Assemblée Nationale,1,,,,
701,KOFA SAID Sylvestre,KOFA SAID Sylvestre,sylvestre.kofa@assnat.cm,,,CNU,cnu,area/north,NORTH,Assemblée Nationale,1,,,,
704,KONTCHOU Thomas,KONTCHOU Thomas,thomas.kontchou@assnat.cm,,,CNU,cnu,area/west,WEST,Assemblée Nationale,1,,,,
706,LAMINE M.YERIMA,LAMINE M.YERIMA,yerima.lamine@assnat.cm,,,CNU,cnu,area/north,NORTH,Assemblée Nationale,1,,,,
708,LOGMO MNYB Antoine,LOGMO MNYB Antoine,antoine.logmo@assnat.cm,,,CNU,cnu,area/littoral,LITTORAL,Assemblée Nationale,1,,,,
710,MAIGARI BELLO,MAIGARI BELLO,bello.maigari@assnat.cm,,,CNU,cnu,area/north,NORTH,Assemblée Nationale,1,,,,
713,MAKEMBE MBONDY Zachée,MAKEMBE MBONDY Zachée,zachée.makembe@assnat.cm,,,CNU,cnu,area/littoral,LITTORAL,Assemblée Nationale,1,,,,
844,MAKIA NKONGHO Emmanuel,MAKIA NKONGHO Emmanuel,emmanuelmakia@assnat.cm,,,CNU,cnu,area/south-west,SOUTH-WEST,Assemblée Nationale,1,,,,
847,MALIKI ADJIA,MALIKI ADJIA,adjiamaliki@assnat.cm,,,CNU,cnu,area/north,NORTH,Assemblée Nationale,1,,,,
849,MALOUMA Raymond,MALOUMA Raymond,raymondmalouma@assnat.cm,,,CNU,cnu,area/east,EAST,Assemblée Nationale,1,,,,
850,MAMA Ambroise Laurent,MAMA Ambroise Laurent,laurentmama@assnat.cm,,,CNU,cnu,area/centre,CENTRE,Assemblée Nationale,1,,,,
852,MASSOCK Daniel Claude,MASSOCK Daniel Claude,claudemassock@assnat.cm,,,CNU,cnu,area/littoral,LITTORAL,Assemblée Nationale,1,,,,
854,MAYI MATIP Théodore,MAYI MATIP Théodore,théodoremayi@assnat.cm,,,CNU,cnu,area/centre,CENTRE,Assemblée Nationale,1,,,,
856,MENDOMO EMANE Charles,MENDOMO EMANE Charles,charlesemane@assnat.cm,,,CNU,cnu,area/centre,CENTRE,Assemblée Nationale,1,,,,
859,MINDJA DJAORO OUMAROU,MINDJA DJAORO OUMAROU,oumaroumindja@assnat.cm,,,CNU,cnu,area/north,NORTH,Assemblée Nationale,1,,,,
861,MOHAMADOU GALDIMA,MOHAMADOU GALDIMA,mohamadougaldima@assnat.cm,,,CNU,cnu,area/north,NORTH,Assemblée Nationale,1,,,,
862,MOMO Grégoire,MOMO Grégoire,grégoiremomo@assnat.cm,,,CNU,cnu,area/west,WEST,Assemblée Nationale,1,,,,
863,MOTAZE Rosalie,MOTAZE Rosalie,rosaliemotaze@assnat.cm,,,CNU,cnu,area/centre,CENTRE,Assemblée Nationale,1,,,,
864,MOUSSA MADI,MOUSSA MADI,madimoussa@assnat.cm,,,CNU,cnu,area/north,NORTH,Assemblée Nationale,1,,,,
865,MOUSSA YAYA SARKIFADA,MOUSSA YAYA SARKIFADA,yayamoussa@assnat.cm,,,CNU,cnu,area/north,NORTH,Assemblée Nationale,1,,,,
866,MOUSSA ZANGA Pierre,MOUSSA ZANGA Pierre,pierremoussaat@assnat.cm,,,CNU,cnu,area/centre,CENTRE,Assemblée Nationale,1,,,,
867,MUKOKO MUKETE Daniel,MUKOKO MUKETE Daniel,danielmukete@assnat.cm,,,CNU,cnu,area/south-west,SOUTH-WEST,Assemblée Nationale,1,,,,
868,MUNA TANDENG Solomon,MUNA TANDENG Solomon,solomonmuna@assnat.cm,,,CNU,cnu,area/north-west,NORTH-WEST,Assemblée Nationale,1,,,,
869,NANA HAMDJA,NANA HAMDJA,hamdjanana@assnat.cm,,,CNU,cnu,area/north,NORTH,Assemblée Nationale,1,,,,
870,NAOUE Samuel,NAOUE Samuel,samuelnaoue@assnat.cm,,,CNU,cnu,area/west,WEST,Assemblée Nationale,1,,,,
871,NDOUNOKON Alphonse Richard,NDOUNOKON Alphonse Richard,richardndounokon@assnat.cm,,,CNU,cnu,area/centre,CENTRE,Assemblée Nationale,1,,,,
872,NGANG MBILE Samuel,NGANG MBILE Samuel,samuelmbile@assnat.cm,,,CNU,cnu,area/centre,CENTRE,Assemblée Nationale,1,,,,
873,NGAPNA Paul,NGAPNA Paul,paulngapna@assnat.cm,,,CNU,cnu,area/west,WEST,Assemblée Nationale,1,,,,
874,NGATCHOU HAGOUA Joseph,NGATCHOU HAGOUA Joseph,josephhagoua@assnat.cm,,,CNU,cnu,area/west,WEST,Assemblée Nationale,1,,,,
875,NGOLLE MOUYENGA Robert,NGOLLE MOUYENGA Robert,robertngolle@assnat.cm,,,CNU,cnu,area/littoral,LITTORAL,Assemblée Nationale,1,,,,
876,NGOM JUA Augustin,NGOM JUA Augustin,augustinjua@assnat.cm,,,CNU,cnu,area/north-west,NORTH-WEST,Assemblée Nationale,1,,,,
877,NGOUNGO Joseph Blaise,NGOUNGO Joseph Blaise,balisengoungo@assnat.cm,,,CNU,cnu,area/west,WEST,Assemblée Nationale,1,,,,
878,NGUENKAM Michel,NGUENKAM Michel,michelnguenkam@assnat.cm,,,CNU,cnu,area/west,WEST,Assemblée Nationale,1,,,,
879,NINGA SONGO Abraham,NINGA SONGO Abraham,abrahamsongo@assnat.cm,,,CNU,cnu,area/north,NORTH,Assemblée Nationale,1,,,,
880,NJI MOULIOM MOPA ADAMOU,NJI MOULIOM MOPA ADAMOU,adamoumopa@assnat.cm,,,CNU,cnu,area/west,WEST,Assemblée Nationale,1,,,,
881,NJI NCHOUWAT NJOYA HAROUNA Y.,NJI NCHOUWAT NJOYA HAROUNA Y.,harounanji@assnat.cm,,,CNU,cnu,area/west,WEST,Assemblée Nationale,1,,,,
882,NJI NGHA Simon,NJI NGHA Simon,simonnji@assnat.cm,,,CNU,cnu,area/north-west,NORTH-WEST,Assemblée Nationale,1,,,,
883,NJINI SHEKFU David,NJINI SHEKFU David,davidnjini@assnat.cm,,,CNU,cnu,area/north-west,NORTH-WEST,Assemblée Nationale,1,,,,
884,NJOBDI ADAMOU,NJOBDI ADAMOU,adamounjobdi@assnat.cm,,,CNU,cnu,area/north,NORTH,Assemblée Nationale,1,,,,
885,NKEMBE Albert,NKEMBE Albert,albertnkembe@assnat.cm,,,CNU,cnu,area/littoral,LITTORAL,Assemblée Nationale,1,,,,
886,NONO Jean,NONO Jean,jeannono@assnat.cm,,,CNU,cnu,area/west,WEST,Assemblée Nationale,1,,,,
887,NSAKWA NGI Peter,NSAKWA NGI Peter,peterngi@assnat.cm,,,CNU,cnu,area/north-west,NORTH-WEST,Assemblée Nationale,1,,,,
888,NWALIPENJA LOBE EKWELE,NWALIPENJA LOBE EKWELE,lobeekwele@assnat.cm,,,CNU,cnu,area/south-west,SOUTH-WEST,Assemblée Nationale,1,,,,
889,OUMAROU DIGUIR GAIMA,OUMAROU DIGUIR GAIMA,gaimadiguir@assnat.cm,,,CNU,cnu,area/north,NORTH,Assemblée Nationale,1,,,,
890,OUMAROU HINA,OUMAROU HINA,hinaoumarou@assnat.cm,,,CNU,cnu,area/north,NORTH,Assemblée Nationale,1,,,,
891,OUSMANOU ABDOULAYE,OUSMANOU ABDOULAYE,abdoulayeousmane@assnat.cm,,,CNU,cnu,area/north,NORTH,Assemblée Nationale,1,,,,
892,PACHONG Adolphe,PACHONG Adolphe,adolphepachong@assnat.cm,,,CNU,cnu,area/west,WEST,Assemblée Nationale,1,,,,
893,PILANGE NDIWANE Paul,PILANGE NDIWANE Paul,paulpilange@assnat.cm,,,CNU,cnu,area/north-west,NORTH-WEST,Assemblée Nationale,1,,,,
894,POUFONG Etienne,POUFONG Etienne,etiennepoufong@assnat.cm,,,CNU,cnu,area/west,WEST,Assemblée Nationale,1,,,,
895,SADOU MADI,SADOU MADI,madisadou@assnat.cm,,,CNU,cnu,area/north,NORTH,Assemblée Nationale,1,,,,
896,SANDJOL ZAMBO Frédéric,SANDJOL ZAMBO Frédéric,frédériczambo@assnat.cm,,,CNU,cnu,area/east,EAST,Assemblée Nationale,1,,,,
897,SISSINVOU OUMAROU,SISSINVOU OUMAROU,oumarousissinvou@assnat.cm,,,CNU,cnu,area/north,NORTH,Assemblée Nationale,1,,,,
898,SOM Martin,SOM Martin,martinsom@assnat.cm,,,CNU,cnu,area/littoral,LITTORAL,Assemblée Nationale,1,,,,
899,SONA ESAMBE Emmanuel,SONA ESAMBE Emmanuel,emmanuelsona@assnat.cm,,,CNU,cnu,area/south-west,SOUTH-WEST,Assemblée Nationale,1,,,,
900,SOUOP FOKO SOFFO Christophe,SOUOP FOKO SOFFO Christophe,christophefoko@assnat.cm,,,CNU,cnu,area/west,WEST,Assemblée Nationale,1,,,,
901,TAGNY Jeannette,TAGNY Jeannette,jeannettetagny@assnat.cm,,,CNU,cnu,area/west,WEST,Assemblée Nationale,1,,,,
902,TAKENGNY Lazare,TAKENGNY Lazare,lazaretakengny@assnat.cm,,,CNU,cnu,area/west,WEST,Assemblée Nationale,1,,,,
903,TALBA MALLA OUMATE,TALBA MALLA OUMATE,oumatemalla@assnat.cm,,,CNU,cnu,area/north,NORTH,Assemblée Nationale,1,,,,
904,TAMEZA FOGUE Christian,TAMEZA FOGUE Christian,christianfogue@assnat.cm,,,CNU,cnu,area/west,WEST,Assemblée Nationale,1,,,,
905,TATAH SAKAH Boniface,TATAH SAKAH Boniface,bonifacetatah@assnat.cm,,,CNU,cnu,area/north-west,NORTH-WEST,Assemblée Nationale,1,,,,
906,TEINKELA Jean,TEINKELA Jean,jeanteinkala@assnat.cm,,,CNU,cnu,area/west,WEST,Assemblée Nationale,1,,,,
907,TITA Cletus,TITA Cletus,cletustita@assnat.cm,,,CNU,cnu,area/north-west,NORTH-WEST,Assemblée Nationale,1,,,,
908,TOKE Antonin,TOKE Antonin,antonintoke@assnat.cm,,,CNU,cnu,area/west,WEST,Assemblée Nationale,1,,,,
909,WALIDJO WASSIA,WALIDJO WASSIA,wassiawalidjo@assnat.cm,,,CNU,cnu,area/north,NORTH,Assemblée Nationale,1,,,,
910,YANG Daniel,YANG Daniel,danielyang@assnat.cm,,,CNU,cnu,area/north-west,NORTH-WEST,Assemblée Nationale,1,,,,
912,YATCHOUA Thomas,YATCHOUA Thomas,thomastatchoua@assnat.cm,,,CNU,cnu,area/west,WEST,Assemblée Nationale,1,,,,
914,YOUGOUDA MALOUDA,YOUGOUDA MALOUDA,maloudayougouda@assnat.cm,,,CNU,cnu,area/north,NORTH,Assemblée Nationale,1,,,,
922,YOUMBI Abel,YOUMBI Abel,abelyoumbi@assnat.cm,,,CNU,cnu,area/west,WEST,Assemblée Nationale,1,,,,
923,ZO'O Martin,ZO'O Martin,martinzo'o@assnat.cm,,,CNU,cnu,area/centre,CENTRE,Assemblée Nationale,1,,,,
925,ZOE ABA'A Samuel,ZOE ABA'A Samuel,samuelzoe@assnat.cm,,,CNU,cnu,area/centre,CENTRE,Assemblée Nationale,1,,,,
926,ZOGO ONGOLO Abraham,ZOGO ONGOLO Abraham,abrahamzogo@assnat.cm,,,CNU,cnu,area/centre,CENTRE,Assemblée Nationale,1,,,,
