name,id
M. ABIGUIME Petik-Abalo,m._abiguime_petik-abalo
M. ABOLU Yawo Afelete,m._abolu_yawo_afelete
M. ADJOR Akofi,m._adjor_akofi
M. AFO ALEDJOU Mawé,m._afo_aledjou_mawé
M. AGBO KOMLAN,m._agbo_komlan
M. AGBO Kokou,m._agbo_kokou
M. ALONOU Kokou,m._alonou_kokou
M. AMETODJI Yawovi,m._ametodji_yawovi
M. AMOUZOU Kodjovi,m._amouzou_kodjovi
M. APEKEY Assewouwokan,m._apekey_assewouwokan
M. APEVON Kokou Dodji,m._apevon_kokou_dodji
M. APEZOUKE Jean-Marie,m._apezouke_jean-marie
M. ARZOUMA Natchadja,m._arzouma_natchadja
M. ASSOUMA Derman,m._assouma_derman
M. ATAKPAMEY Kodjo,m._atakpamey_kodjo
M. ATCHI N’Bouké Yao,m._atchi_n’bouké_yao
M. AWATE Simala,m._awate_simala
M. BANKATI Bolagbédé,m._bankati_bolagbédé
M. BARITSE Dametoti,m._baritse_dametoti
M. BEGUEM Nakodja,m._beguem_nakodja
M. BOINI Taaka,m._boini_taaka
M. BOUWASSI Kédessa Datcha,m._bouwassi_kédessa_datcha
M. DOBOU Kwadzo Sedem,m._dobou_kwadzo_sedem
M. DOE-BRUCE Adama Koffi,m._doe-bruce_adama_koffi
M. DRA Kossi Seveamenou,m._dra_kossi_seveamenou
M. DRAMANI Dama,m._dramani_dama
M. EWOVOR Kossi Messan W.,m._ewovor_kossi_messan_w.
M. FABRE Jean-Pierre,m._fabre_jean-pierre
M. FOFANA Soffoh,m._fofana_soffoh
M. GAGOU KOKOU,m._gagou_kokou
M. GNATCHO Komla Mawuena,m._gnatcho_komla_mawuena
M. GNONGBO Tak Youssif,m._gnongbo_tak_youssif
M. GOGUE Tchaboure,m._gogue_tchaboure
M. HODIN Eke Kokou,m._hodin_eke_kokou
M. HOWANOU Edoh,m._howanou_edoh
M. JIMONGOU Sambiani Kpandou,m._jimongou_sambiani_kpandou
M. JONDOH Comlavi Dzigbodi,m._jondoh_comlavi_dzigbodi
M. KAMPATIBE Nagbandja,m._kampatibe_nagbandja
M. KATAGNA Essodina,m._katagna_essodina
M. KATIN Djagre,m._katin_djagre
M. KERTCHO Komina,m._kertcho_komina
M. KETOGLO Yao Victor,m._ketoglo_yao_victor
M. KISSI Kofi Hotounou,m._kissi_kofi_hotounou
M. KOFFI Kossiko Kalenyo,m._koffi_kossiko_kalenyo
M. KOLANI Kombate Douti,m._kolani_kombate_douti
M. KPADENOU Amoussouvi,m._kpadenou_amoussouvi
M. KPATCHA Komi,m._kpatcha_komi
M. KPOGO Kodjo,m._kpogo_kodjo
M. KPOHOU Sim,m._kpohou_sim
M. LABITOKO Kadjila,m._labitoko_kadjila
M. LAWSON Latevi Calvin Georges,m._lawson_latevi_calvin_georges
M. LAWSON-Banku Boevi Patrick,m._lawson-banku_boevi_patrick
M. MALLE Kayaba,m._malle_kayaba
M. NASSOU Alouadjou K.,m._nassou_alouadjou_k.
M. NAYO Koffi Bessewu,m._nayo_koffi_bessewu
M. NONON K. Diera-Bariga,m._nonon_k._diera-bariga
M. OGBLOMESSE Koku M.,m._ogblomesse_koku_m.
M. ORE DJIMON,m._ore_djimon
M. OSSEYI Yawovi,m._osseyi_yawovi
M. OURO-AKPO Tchagnaou,m._ouro-akpo_tchagnaou
M. PENN Lare Batouth,m._penn_lare_batouth
M. SAMBIANI Yentema A.,m._sambiani_yentema_a.
M. SEGO Etse Franck,m._sego_etse_franck
M. SENOU Komlan,m._senou_komlan
M. SOGOYOU Bekeyi E.,m._sogoyou_bekeyi_e.
M. TARGONE Sambiri N’wakin,m._targone_sambiri_n’wakin
M. TCHAMON Abalea,m._tchamon_abalea
M. TCHAO Padumhekou,m._tchao_padumhekou
M. TCHASSE Awedeou,m._tchasse_awedeou
M. TOUSSA Komi Gameli,m._toussa_komi_gameli
M. VODIS Yawo,m._vodis_yawo
M. YAKPO Kossi,m._yakpo_kossi
M. YENTOUMI Kodjo Ikpaledou,m._yentoumi_kodjo_ikpaledou
M.KOSSIGAN Kodjogan M.,m.kossigan_kodjogan_m.
Mme AMEDJOGBE Akossiwa Olivia,mme_amedjogbe_akossiwa_olivia
Mme AMEGANVI M.Isabelle D.,mme_ameganvi_m.isabelle_d.
Mme AMENYO Afi Ntifa,mme_amenyo_afi_ntifa
Mme ARZOUMA Pomong Wuinekouma,mme_arzouma_pomong_wuinekouma
Mme DAGBAN Ayawavi Djigbodi,mme_dagban_ayawavi_djigbodi
Mme DJOBO Nassara Epse OURO BANGANA,mme_djobo_nassara_epse_ouro_bangana
Mme GNAKOUAFRE A. S. Suhn-Badu,mme_gnakouafre_a._s._suhn-badu
Mme IBRAHIMA Memounatou,mme_ibrahima_memounatou
Mme KOLANI Yobate,mme_kolani_yobate
Mme KOUKPOKPA Issolemo Epse BAGNA,mme_koukpokpa_issolemo_epse_bagna
Mme SEWOA Adjoa M. S.,mme_sewoa_adjoa_m._s.
Mme TELOU Mila – Belle,mme_telou_mila_–_belle
Mme TIGNOKPA Ayawovi D.,mme_tignokpa_ayawovi_d.
Mme TSEGAN Yawa Djigbodi,mme_tsegan_yawa_djigbodi
Mme. ADJAMAGBO Ayélo Okpé,mme._adjamagbo_ayélo_okpé
Mme. AGBOKOU Kossiwa M. F.,mme._agbokou_kossiwa_m._f.
