name,id
Aaron Ago Dagang,aaron_ago_dagang
Ab Aziz Ab Kadir,abdul_aziz_abdul_kadir
Abang Abu Bakar Abang Mustapha,abang_abu_bakar_abang_mustapha
Abd Aziz Kaprawi,aziz_kaprawi
Abd Rahim Bakri,abdul_rahim_bakri
Abd Rahman Bakri,abdul_rahman_bakri
Abdillah Abdul Hamid,abdillah_abdul_hamid
Abdol Mulok Awang Damit,abdol_mulok_awang_damit
Abdul Ajib Ahmad,abdul_ajib_ahmad
Abdul Azeez Abdul Rahim,abdul_azeez_abdul_rahim
Abdul Aziz Abdul Kadir,abdul_aziz_abdul_kadir
Abdul Aziz Ishak,abdul_aziz_ishak
Abdul Aziz Mohd. Yassin,abdul_aziz_mohd._yassin
Abdul Aziz Omar,abdul_aziz_omar
Abdul Aziz Shamsuddin,abdul_aziz_shamsuddin
Abdul Aziz Sheikh Fadzir,abdul_aziz_sheikh_fadzir
Abdul Aziz Yeop,abdul_aziz_yeop
Abdul Daim Zainuddin,daim_zainuddin
Abdul Fatah Harun,abdul_fatah_harun
Abdul Ghafar Baba,ghafar_baba
Abdul Ghafar bin Baba,ghafar_baba
Abdul Ghani Gilong,abdul_ghani_gilong
Abdul Ghani Ishak,abdul_ghani_ishak
Abdul Ghani Misbah,abdul_ghani_misbah
Abdul Ghani Othman,abdul_ghani_othman
Abdul Ghapur Salleh,abdul_ghapur_salleh
Abdul Hadi Awang,abdul_hadi_awang
Abdul Hadi Derani,abdul_hadi_derani
Abdul Hadi bin Awang,abdul_hadi_awang
Abdul Halim Abdul Rahman,abdul_halim_abdul_rahman
Abdul Hamid Abdul Rahman,abdul_hamid_abdul_rahman
Abdul Hamid Khan Sakhawat Ali Khan,abdul_hamid_khan_sakhawat_ali_khan
Abdul Hamid Mustapha,abdul_hamid_mustapha
Abdul Hamid Othman,abdul_hamid_othman
Abdul Hamid Pawanteh,abdul_hamid_pawanteh
Abdul Hamid Zainal Abidin,abdul_hamid_zainal_abidin
Abdul Jalal Abu Bakar,abdul_jalal_abu_bakar
Abdul Kadir Annuar,abdul_kadir_annuar
Abdul Kadir Sheikh Fadzir,abdul_kadir_sheikh_fadzir
Abdul Kadir Yusof,abdul_kadir_yusof
Abdul Kadir Yusuf,abdul_kadir_yusuf
Abdul Karim Abu,abdul_karim_abu
Abdul Khalid Awang Osman,abdul_khalid_awang_osman
Abdul Khalid Ibrahim,abdul_khalid_ibrahim
Abdul Latiff Ahmad,abdul_latiff_ahmad
Abdul Malek Munip,abdul_malek_munip
Abdul Manaf Ahmad,abdul_manaf_ahmad
Abdul Manan Ismail,abdul_manan_ismail
Abdul Manan Othman,abdul_manan_othman
Abdul Rahim Abu Bakar,abdul_rahim_abu_bakar
Abdul Rahim Bakri,abdul_rahim_bakri
Abdul Rahman,tunku_abdul_rahman
Abdul Rahman Ariffin,abdul_rahman_ariffin
Abdul Rahman Bakar,abdul_rahman_bakar
Abdul Rahman Bakri,abdul_rahman_bakri
Abdul Rahman Dahlan,abdul_rahman_dahlan
Abdul Rahman Daud,abdul_rahman_daud
Abdul Rahman Ibrahim,abdul_rahman_ibrahim
Abdul Rahman Mohamad,abdul_rahman_mohamad
Abdul Rahman Sabri,abdul_rahman_sabri
Abdul Rahman Sulaiman,abdul_rahman_sulaiman_(politician)
Abdul Rahman Talib,abdul_rahman_talib
Abdul Rahman Ya'kub,abdul_rahman_ya'kub
Abdul Rahman Yusof,abdul_rahman_yusof
Abdul Rashid Jais,abdul_rashid_jais
Abdul Rashid Muhammad,abdul_rashid_muhammad
Abdul Rauf Abdul Rahman,abdul_rauf_abdul_rahman
Abdul Razak,abdul_razak_hussein
Abdul Razak Abu Samah,abdul_razak_abu_samah
Abdul Razak Hussein,abdul_razak_hussein
Abdul Razak Hussin,abdul_razak_hussin
Abdul Samad Gul Ahmad Mianji,abdul_samad_gul_ahmad_mianji
Abdul Samad Idris,abdul_samad_idris
Abdul Samad Osman,abdul_samad_osman
Abdul Shukur Siraj,abdul_shukur_siraj
Abdul Taib Mahmud,abdul_taib_mahmud
Abdul Wahab Yunus,abdul_wahab_yunus
Abdullah Abdul Rahman,abdullah_abdul_rahman
Abdullah Abdul Raof,abdullah_abdul_raof
Abdullah Ahmad,abdullah_ahmad
Abdullah Ahmad Badawi,abdullah_ahmad_badawi
Abdullah Arshad,abdullah_arshad
Abdullah Fadzil Che Wan,abdullah_fadzil_che_wan
Abdullah Majid,abdullah_majid
Abdullah Md Zin,abdullah_md_zin
Abdullah Mohd Salleh,abdullah_mohd_salleh
Abdullah Sani Abdul Hamid,abdullah_sani_abdul_hamid
Abdullah bin Ahmad Badawi,abdullah_ahmad_badawi
Abdullah bin Md. Zin,abdullah_md_zin
Abit Angkin,abit_angkin
Abit Joo,billy_abit_joo
Abu Bakar Arshad,abu_bakar_arshad
Abu Bakar Daud,abu_bakar_daud
Abu Bakar Hamzah,abu_bakar_hamzah
Abu Bakar Mohamad Diah,abu_bakar_mohamad_diah
Abu Bakar Othman,abu_bakar_othman
Abu Bakar Taib,abu_bakar_taib
Abu Bakar Umar,abu_bakar_umar
Abu Dahari Osman,abu_dahari_osman
Abu Hassan Omar,abu_hassan_omar
Abu Samah,hamzah_abu_samah
Abu Seman Yusoff,abu_seman_yusoff
Abu Seman Yusop,abu_seman_yusop
Abu Zahar Isnin,abu_zahar_isnin
Abu Zahar Ithnin,abu_zahar_ithnin
Abu Zahar Ujang,abu_zahar_ujang
Adam Abdul Kadir,adam_abdul_kadir
Adenan Hj. Satem,adenan_satem
Adenan Satem,adenan_satem
Adham Baba,adham_baba
Affendy Mohd. Fuad Stephens,affendy_mohd._fuad_stephens
Affifudin Omar,affifudin_omar
Ahamed Hambal Yeop Majlis,ahamed_hambal_yeop_majlis
Ahmad Abdullah,ahmad_abdullah
Ahmad Arshad,ahmad_arshad
Ahmad Baihaki Atiqullah,ahmad_baihaki_atiqullah
Ahmad Boestamam,ahmad_boestamam
Ahmad Damanhuri Abdul Wahab,ahmad_damanhuri_abdul_wahab
Ahmad Fauzi Zahari,ahmad_fauzi_zahari
Ahmad Hamzah,ahmad_hamzah
Ahmad Husni Hanadzlah,ahmad_husni_hanadzlah
Ahmad Husni Mohamad Hanadzlah,ahmad_husni_hanadzlah
Ahmad Ithnin,ahmad_ithnin
Ahmad Jazlan Yaakub,ahmad_jazlan_yaakub
Ahmad Kamaruzaman Mohamed Baria,ahmad_kamaruzaman_mohamed_baria
Ahmad Kasim,ahmad_kassim
Ahmad Kassim,ahmad_kassim
Ahmad Lai Bin Bujang,ahmad_lai_bujang
Ahmad Lai Bujang,ahmad_lai_bujang
Ahmad Marzuk Shaary,ahmad_marzuk_shaary
Ahmad Maslan,ahmad_maslan
Ahmad Mohamed Shah,ahmad_mohamed_shah
Ahmad Nazlan Idris,ahmad_nazlan_idris
Ahmad Nor,ahmad_nor
Ahmad Omar,ahmad_omar
Ahmad Rahin Mohd. Said,ahmad_rahin_mohd._said
Ahmad Saaid,ahmad_saaid
Ahmad Shabery Cheek,ahmad_shabery_cheek
Ahmad Shah Hussein Tambakau,ahmad_shah_hussein_tambakau
Ahmad Shukri Abd. Shukor,ahmad_shukri_abd._shukor
Ahmad Shukri Hassan,ahmad_shukri_hassan
Ahmad Yusof,ahmad_yusof
Ahmad Zahid Hamidi,ahmad_zahid_hamidi
Ainon Khairiyah Mohd. Abas,ainon_khairiyah_mohd._abas
Aishah Ghani,aishah_ghani
Aisyah Gani,aishah_ghani
Ajad Oyung,ajad_oyung
Akbarkhan Abdul Rahman,akbarkhan_abdul_rahman
"Albar, Dato' Seri Syed Hamid,",syed_hamid_albar
Albert Mah,albert_mah
Alex Pang Sui Chee,alex_pang_sui_chee
Alexander Nanta Linggi,alexander_nanta_linggi
Alexander Yu Lung Lee,alexander_yu_lung_lee
Alfred Jabu Numpang,alfred_jabu_numpang
Ali Ahmad,ali_ahmad
Alias Md. Ali,alias_md._ali
Alice Lau Kiong Yieng,alice_lau_kiong_yieng
Aliuddin Mohd. Tahir,aliuddin_mohd._tahir
Alwi Jusoh,alwi_jusoh
Amihamzah Ahmad,amihamzah_ahmad
Amir Kahar Mustapha,amir_kahar_mustapha
Ampong Puyon,ampong_puyon
Amran Ab Ghani,amran_ab_ghani
Andrew Janggi Muyang,andrew_janggi_muyang
Andrew Mara Walter Unjah,andrew_mara_walter_unjah
Anifah Aman,anifah_aman
Annuar Musa,annuar_musa
Anuar Abd. Manap,anuar_abd._manap
Anwar Ibrahim,anwar_ibrahim
Anyi Ngau,anyi_ngau
Ariff Sabri Abdul Aziz,ariff_sabri_abdul_aziz
Ariffin Md Daud,ariffin_md_daud
Ashkar Hasbollah,ashkar_hasbollah
Asmat Nungka,asmat_nungka
Asri Muda,asri_muda
Astaman Abdul Aziz,astaman_abdul_aziz
Au How Cheong,au_how_cheong
Awang Abdul Jabar,awang_abdul_jabar
Awang Adek Hussin,awang_adek_hussin
Awang Bungsu Abdullah,awang_bungsu_abdullah
Awang Hassan,awang_hassan
Awang Wal Awang Abu,awang_wal_awang_abu
Azahari Ibrahim,azahari_ibrahim
Azahari Md. Taib,azahari_md._taib
Azalina Othman Said,azalina_othman_said
Azan Ismail,azan_ismail
Azharul Abidin Abdul Rahim,azharul_abidin_abdul_rahim
Aziz Kaprawi,aziz_kaprawi
Azizah Mohd Dun,azizah_mohd_dun
Azman Ismail,azman_ismail
Azmi Khalid,azmi_khalid
Badruddin Amiruldin,badruddin_amiruldin
Badrul Hisham Abdul Aziz,badrul_hisham_abdul_aziz
Bahaman Samsudin,bahaman_samsudin
Bahari Haron,bahari_haron
Baharom Bakar,baharom_bakar
Baharum Mohamed,baharum_mohamed
Ban Hon Keong,ban_hon_keong
Banyang Janting,banyang_janting
Basri Bajuri,basri_bajuri
Baudi Unggut,baudi_unggut
Bernard Giluk Dompok,bernard_giluk_dompok
Bernard S. Maraat,bernard_s._maraat
Bibi Aishah Hamid Don,bibi_aishah_hamid_don
Billy Abit Joo,billy_abit_joo
Bojeng Andot,bojeng_andot
Buja Gumbilai,buja_gumbilai
Bujang Ulis,bujang_ulis
Bung Mokhtar Radin,bung_moktar_radin
Bung Moktar Radin,bung_moktar_radin
Buniyamin Yaakob,buniyamin_yaakob
Burhanuddin al-Helmy,burhanuddin_al-helmy
Burhanuddin al-Hilmi,burhanuddin_al-helmy
Burhanuddin bin Muhammad Nur al-Hilmi,burhanuddin_al-helmy
Burhanüddin bin Muhammed Nurülhilmi,burhanuddin_al-helmy
C.V. Devan Nair,devan_nair
Chan Chong Wen,chan_chong_wen
Chan Fu King,chan_fu_king
Chan Kok Kit,chan_kok_kit
Chan Kong Choy,chan_kong_choy
Chan Seong Yoon,chan_seong_yoon
Chan Siang Sun,chan_siang_sun
Chan Swee Ho,chan_swee_ho
Chan Teck Chan,chan_teck_chan
Chan Yoon Onn,chan_yoon_onn
Chang Kon You,chang_kon_you
Chang See Tan,chang_see_tan
Chang See Ten,chang_see_ten
Charles Anthony Santiago,charles_santiago
Charles Santiago,charles_santiago
Che Azmi Abdul Rahman,che_azmi_abdul_rahman
Che Ghani Che Ambak,che_ghani_che_ambak
Che Ibrahim Mustafa,che_ibrahim_mustafa
Che Khadijah Mohd Sidik,khadijah_sidek
Che Mohamad Zulkifly Jusoh,che_mohamad_zulkifly_jusoh
Che Rosli Che Mat,che_rosli_che_mat
Che Uda Che Nik,che_uda_che_nik
Cheah Theam Swee,cheah_theam_swee
Chen Ko Ming,chen_ko_ming
Chen Man Hin,chen_man_hin
Chew Biow Chuon,chew_biow_chuon
Chew Kam Hoy,chew_kam_hoy
Chew Mei Fun,chew_mei_fun
Chia Kwang Chye,chia_kwang_chye
Chian Heng Kai,chian_heng_kai
Chieng Tiong Kai,chieng_tiong_kai
Chiew Chiu Sing,chiew_chiu_sing
Chik Johari Ondu Majakil,chik_johari_ondu_majakil
Chin Foon,chin_foon
Chin Hon Ngian,chin_hon_ngian
Chin See Yin,chin_see_yin
Chong Chieng Jen,chong_chieng_jen
Chong Eng,chong_eng
Chong Hon Min,chong_hon_min
Chong Hon Nyan,chong_hon_nyan
Chor Chee Heung,chor_chee_heung
Chow Kon Yeow,chow_kon_yeow
Chu Chee Peng,chu_chee_peng
Chua Jui Meng,chua_jui_meng
Chua Soi Lek,chua_soi_lek
Chua Soon Bui,chua_soon_bui
Chua Tee Yong,chua_tee_yong
Chua Tian Chang,chua_tian_chang
Clarence E. Mansul,clarence_e._mansul
D. P. Vijandran,d._p._vijandran
D. R. Seenivasagam,d._r._seenivasagam
Daeng Sanusi Daeng Mariok,daeng_sanusi_daeng_mariok
Daim Zainuddin,daim_zainuddin
Daniel Tajem Miri,daniel_tajem_miri
"Dato' Seri S. Samy Vellu,",samy_vellu
Datuk Seri Abdullah bin Haji Ahmad Badawi,abdullah_ahmad_badawi
Daud Taha,daud_taha
David V.,v._david
Devamany S. Krishnasamy,devamany_s._krishnasamy
Devan Nair,devan_nair
Ding Kuong Hiing,ding_kuong_hiing
Dominic Joseph Puthucheary,dominic_joseph_puthucheary
Donald Lim Siang Chai,donald_lim_siang_chai
Donald Peter Mojuntin,donald_peter_mojuntin
Douglas Uggah Embas,douglas_uggah_embas
Dusuki Ahmad,dusuki_ahmad
Dzulkefly Ahmad,dzulkefly_ahmad
Edmund Chong Ket Wah,edmund_chong_ket_wah
Edmund Langgu Saga,edmund_langgu_saga
Edwin Esnen Unang,edwin_esnen_unang
Edwin Tangkun,edwin_tangkun
Embong Yahya,embong_yahya
Eng Seng Chai,eng_seng_chai
Engku Muhsein Abdul Kadir,engku_muhsein_abdul_kadir
Engku Muhsein Engku Abdul Kadir,engku_muhsein_engku_abdul_kadir
Enver İbrahim,anwar_ibrahim
Er Teck Hwa,er_teck_hwa
Eric Enchin Majimbun,eric_majimbun
Eric Majimbun,eric_majimbun
Ewon Ebin,ewon_ebin
Fadillah Yusof,fadillah_yusof
Fadzil Mohd Noor,fadzil_noor
Fadzil Noor,fadzil_noor
Fan Yew Teng,fan_yew_teng
Farn Seong Than,farn_seong_than
Fatimah Abdul Majid,fatimah_abdul_majid
Fatimah Hashim,fatimah_hashim
Fauzi Abdul Rahman,fauzi_abdul_rahman
Firdaus Muhammad Rom Harun,firdaus_muhammad_rom_harun
Fong Chan Onn,fong_chan_onn
Fong Kui Lun,fong_kui_lun
Fong Po Kuan,fong_po_kuan
Foo Piew Kok,foo_piew_kok
Fu Ah Kiow,fu_ah_kiow
Fung Ket Wing,fung_ket_wing
Fuziah Salleh,fuziah_salleh
G. Leelavathi,g._leelavathi
G. Manivanan,g._manivanan
G. Palanivel,g._palanivel
Geh Chong Keat,geh_chong_keat
Geoffrey Yee Ling Fook,geoffrey_yee_ling_fook
George Abah Mengimbal,george_abah_mengimbal
George Chan Hong Nam,george_chan_hong_nam
George Sangkin,george_sangkin
Gerard Math Lee Min,gerard_math_lee_min
Ghafar Baba,ghafar_baba
Ghazali Ahmad,ghazali_ahmad
Ghazali Ibrahim,ghazali_ibrahim
Ghazali Shafie,ghazali_shafie
Gobind Singh Deo,gobind_singh_deo
Goh Cheng Teik,goh_cheng_teik
Goh Hock Guan,goh_hock_guan
Goh Kheng Huat,goh_kheng_huat
Goh Siow Huat,goh_siow_huat
Gooi Hock Seng,gooi_hock_seng
Gooi Hsiao Leung,gooi_hsiao_leung
Gwo-Burne Loh,loh_gwo_burne
Hadadak D. Pasauk,hadadak_d._pasauk
"Hadi, Dato' Seri Tuan Guru Haji Abdul",abdul_hadi_awang
Halimah Mohd Sadique,halimah_mohd_sadique
Hamim Samuri,hamim_samuri
Hamzah Abu Samah,hamzah_abu_samah
Hamzah Alang,hamzah_alang
Hamzah Mohamed Zain,hamzah_mohamed_zain
Hamzah Ramli,hamzah_ramli
Hamzah Zainuddin,hamzah_zainuddin
Hamzah Zainudin,hamzah_zainuddin
Hamzah Zainudin,hamzah_zainudin
Hanafi Mohd Yunus,hanafi_mohd_yunus
Hanafi Ramli,hanafi_ramli
Hanafiah Hussain,hanafiah_hussain
Harris Salleh,harris_salleh
Harrison Ngau Laing,harrison_ngau_laing
Harun Abdullah,harun_abdullah
Harun Pilus,harun_pilus
Hasan Adli Mohd Arshad,hasan_adli_mohd_arshad
Hasan Arifin,hasan_arifin
Hasan Malek,hasan_malek
Hasan Mohamed Ali,hasan_mohamed_ali
Hasan Mohd Ali,hasan_mohamed_ali
Hasbi Bin Habibollah,hasbi_habibollah
Hasbi Habibollah,hasbi_habibollah
Hasbullah Osman,hasbullah_osman
Hashim Endut,hashim_endut
Hashim Gera,hashim_gera
Hashim Ghazali,hashim_ghazali
Hashim Ismail,hashim_ismail
Hashim Jahaya,hashim_jahaya
Hashim Jasin,hashim_jasin
Hashim Safin,hashim_safin
Hasni Mohamad,hasni_mohamad
Hassan Adli Arshad,hassan_adli_arshad
Hassan Ahmad,hassan_ahmad
Hassan Alban Sandukong,hassan_alban_sandukong
Hassan Malek,hasan_malek
Hassan Malek,hassan_malek
Hassan Mansor,hassan_mansor
Hassan Mohamed,hassan_mohamed
Hee Loy Sian,hee_loy_sian
Hee Tien Lai,hee_tien_lai
Henry Madatang Morejal,henry_madatang_morejal
Henry Sum Agong,henry_sum_agong
Henrynus Amin,henrynus_amin
Hew See Tong,hew_see_tong
Hiew King Chew,hiew_king_chew
Hiew Nyuk Ying,hiew_nyuk_ying
Hilmi Yahaya,hilmi_yahaya
Hishammuddin Hussein,hishammuddin_hussein
Hishamuddin Yahaya,hishamuddin_yahaya
Ho Cheong Sing,ho_cheong_sing
Hon Choon Kim,hon_choon_kim
Hoo Seong Chang,hoo_seong_chang
Hor Cheok Foon,hor_cheok_foon
Hou Kok Chung,hou_kok_chung
Hsing Yin Shean,hsing_yin_shean
Hu Sepang,hu_sepang
Huan Cheng Guan,huan_cheng_guan
Husam Musa,husam_musa
Hussain Rahimi Saman,hussain_rahimi_saman
Hussain Sulaiman,hussain_sulaiman
Hussein Hassan,hussein_hassan
Hussein Mahmood,hussein_mahmood
Hussein Mohd Noordin,hussein_mohd_noordin
Hussein Onn,hussein_onn
Hussein Sulaiman,hussein_sulaiman
Hussein Taib,hussein_taib
Hussien Mahmud,hussien_mahmud
Ibrahim Abdul Rahman,ibrahim_abdul_rahman
Ibrahim Ali,ibrahim_ali_(malaysia)
Ibrahim Ali (Malaysia),ibrahim_ali_(malaysia)
Ibrahim Azmi Hassan,ibrahim_azmi_hassan
Ibrahim Jendol,ibrahim_jendol
Ibrahim Mahmood,ibrahim_mahmood
Ibrahim Muhammad,ibrahim_muhammad
Ibrahim Pateh Mohammad,ibrahim_pateh_mohammad
Ibrahim Saad,ibrahim_saad
Ibrahim Sareh,ibrahim_sareh
Idris Abdul Rauf,idris_abdul_rauf
Idris Ahmad,idris_ahmad
Idris Haron,idris_haron
Idris Jusoh,idris_jusoh
Idris bin Jusoh,idris_jusoh
Ignatius Dorrel Leiking,ignatius_dorrel_leiking
Ikhwan Nasir,ikhwan_nasir
Ikmal Hisham Abdul Aziz,ikmal_hisham_abdul_aziz
Ilani Isahak,ilani_isahak
Irmohizan Ibrahim,irmohizan_ibrahim
Isa Samad,isa_samad
Ishak Arshad,ishak_arshad
Ismail Abd Muttalib,ismail_muttalib
Ismail Abdul Rahman,ismail_abdul_rahman
Ismail Arshad,ismail_arshad
Ismail Bin Abd. Muttalib,ismail_muttalib
Ismail Daut,ismail_daut
Ismail Idris,ismail_idris
Ismail Kassim,ismail_kassim_(terengganu_politician)
Ismail Kassim,ismail_kassim
Ismail Mohamed Said,ismail_mohamed_said
Ismail Muttalib,ismail_muttalib
Ismail Noh,ismail_noh
Ismail Sabri Yaacob,ismail_sabri_yaakob
Ismail Sabri Yaakob,ismail_sabri_yaakob
Ismail Said,ismail_said
Izani Husin,izani_husin
Jaafar Hamzah,jaafar_hamzah
Jacob Dungau Sagan,jacob_dungau_sagan
Jailani Johari,jailani_johari
Jamaluddin Adnan,jamaluddin_adnan
Jamaluddin Jarjis,jamaluddin_jarjis
Jamaluddin Suhaimi,jamaluddin_suhaimi
Jamaluddin bin Mohd Jarjis,jamaluddin_jarjis
James Dawos Mamit,james_dawos_mamit
James Jimbun Pungga,james_jimbun_pungga
James Peter Ongkili,james_peter_ongkili
James Stephen Tibok,james_stephen_tibok
James Wong,james_wong_(politician)
James Wong Kim Min,james_wong_(politician)
James Wong Wing On,wong_wing_on
Jamil Ishak,jamil_ishak
Jamil Khir Baharom,jamil_khir_baharom
Jason Wong Sing Nang,jason_wong_sing_nang
Jawah Gerang,jawah_gerang
Jawan Empaling,jawan_empaling
Jeff Ooi,jeff_ooi
Jeff Ooi Chuan Aun,jeff_ooi
Jelaing Mersat,jelaing_mersat
Jelaing anak Mersat,jelaing_mersat
Jimmy Donald Lim,jimmy_donald_lim
Jimmy Wong Sze Phin,wong_sze_phin
Joe Ojihi Supiring,joe_ojihi_supiring
Johari Abdul,johari_abdul
Johari Abdul Ghani,johari_abdul_ghani
John Fernandez,john_fernandez_(malaysian_politician)
Jonathan Narwin Jinggong,jonathan_narwin_jinggong
Joseph Chong Chek Ah,joseph_chong_chek_ah
Joseph Entulu Anak Belaun,joseph_entulu_belaun
Joseph Entulu Belaun,joseph_entulu_belaun
Joseph Kurup,joseph_kurup
Joseph Mauh Ikeh,joseph_mauh_ikeh
Joseph Pairin Kitingan,joseph_pairin_kitingan
Joseph Salang Gandum,joseph_salang_gandum
Joseph Unting Umang,joseph_unting_umang
Joseph Valentine Cotter,joseph_valentine_cotter
Joseph Voon Shin Choi,vun_shin_choi
Jugah Barieng,jugah_anak_barieng
Jugah anak Barieng,jugah_anak_barieng
Juhar Mahiruddin,juhar_mahiruddin
Julian Tan Kok Ping,julian_tan_kok_ping
Jumat Idris,jumat_idris
Junaidy Abdul Wahab,junaidy_abdul_wahab
Juslie Ajirol,juslie_ajirol
Justine Jinggot,justine_jinggot
K. Kumaran,k._kumaran
K. Pathamanaban,k._pathamanaban
K. S. Nijhar,k._s._nijhar
Kadoh Agundong,kadoh_agundong
Kalakau Untol,kalakau_untol
Kalthom Othman,kalthom_othman
Kam Woon Wah,kam_woon_wah
Kamal Salleh,kamal_salleh
Kamalanathan Panchanathan,p._kamalanathan
Kamaluddin Maamor,kamaluddin_maamor
Kamaruddin Jaafar,kamaruddin_jaafar
Kamaruddin Mohamed Isa,kamaruddin_mohamed_isa
Kamarudin Ahmad,kamarudin_ahmad
Kamarudin Jaffar,kamaruddin_jaafar
Kamarul Baharin Abbas,kamarul_baharin_abbas
Kamarul Bahrin Abbas,kamarul_bahrin_abbas
Kamarul Bahrin Abbas,kamarul_baharin_abbas
Kamaruzaman Ahmad,kamaruzaman_ahmad
Kamsiyah Yeop,kamsiyah_yeop
Kan Yau Fa,kan_yau_fa
Kang Chow Oh,kang_chow_oh
Kang Kok Seng,kang_kok_seng
Karam Singh Veriah,karam_singh_veriah
Karnail Singh Nijhar,k._s._nijhar
Karpal Singh,karpal_singh
Kasitah Gaddam,kasitah_gaddam
Kasthuriraani Patto,kasthuriraani_patto
Kerk Choo Ting,kerk_choo_ting
Kerk Kim Hock,kerk_kim_hock
Khadijah Sidek,khadijah_sidek
Khadri Sabran,khadri_sabran
Khairy Jamaluddin,khairy_jamaluddin
Khalid Abdul Samad,khalid_abdul_samad
Khalid Samad,khalid_samad
Khalid bin Abdul Samad,khalid_abdul_samad
Khamsiyah Yeop,khamsiyah_yeop
Khatijah Sidek,khadijah_sidek
Khaw Kai Boh,khaw_kai_boh
Khir Johari,khir_johari
Khong Kok Yat,khong_kok_yat
Khoo Peng Loong,khoo_peng_loong
Khoo Soo Seang,khoo_soo_seang
Ko Chung Sen,ko_chung_sen
Koh Nai Kwong,koh_nai_kwong
Koh Tsu Koon,koh_tsu_koon
Kok Wee Kiat,kok_wee_kiat
Kong Cho Ha,kong_cho_ha
Kua Kia Soong,kua_kia_soong
L. Krishnan,l._krishnan
Lai Lun Tze,lai_lun_tze
Lainus Andrew Luwak,lainus_andrew_luwak
Lajim Ukin,lajim_ukin
Latip Idris,latip_idris
Lau Dak Kee,lau_dak_kee
Lau Ngan Siew,lau_ngan_siew
Lau Yeng Peng,lau_yeng_peng
Law Hai Leng,law_hai_leng
Law Hieng Ding,law_hieng_ding
Lee Boon Chye,lee_boon_chye
Lee Boon Peng,lee_boon_peng
Lee Chee Leong,lee_chee_leong
Lee Chong Meng,lee_chong_meng
Lee Kah Choon,lee_kah_choon
Lee Kaw,lee_kaw
Lee Kim Sai,lee_kim_sai
Lee Lam Thye,lee_lam_thye
Lee San Choon,lee_san_choon
Lee Seck Fun,lee_seck_fun
Lee Siok Yew,lee_siok_yew
Leo Michael Toyad,leo_michael_toyad
Leo Moggie Irok,leo_moggie_irok
Leonard Linggi Jugah,leonard_linggi_jugah
Leong Kee Nyean,leong_kee_nyean
Lew Sip Hon,lew_sip_hon
Liang Teck Meng,liang_teck_meng
Liben Kato,liben_kato
Liew Ah Kim,liew_ah_kim
Liew Chin Tong,liew_chin_tong
Liew Teck Chan,liew_teck_chan
Liew Vui Keong,liew_vui_keong
Lilah Yassin,lilah_yassin
Lim Ah Lek,lim_ah_lek
Lim Ann Koon,lim_ann_koon
Lim Bee Kau,lim_bee_kau
Lim Cho Hock,lim_cho_hock
Lim Chong Eu,lim_chong_eu
Lim Guan Eng,lim_guan_eng
Lim Hock Seng,lim_hock_seng
Lim Joo Kong,lim_joo_kong
Lim Kean Siew,lim_kean_siew
Lim Keng Yaik,lim_keng_yaik
Lim Kiam Hoon,lim_kiam_hoon
Lim Kit Siang,lim_kit_siang
Lim Lay Hoon,lim_lay_hoon
Lim Liang Seng,lim_liang_seng
Lim Lip Eng,lim_lip_eng
Lim Pee Hung,lim_pee_hung
Lim Si Cheng,lim_si_cheng
Lim Swee Aun,lim_swee_aun
Linda Tsen,linda_tsen
Linda Tsen Thau Lin,linda_tsen
Ling Ban San @ Teng Boon Soon,teng_boon_soon
Ling Chooi Sieng,ling_chooi_sieng
Ling Liong Sik,ling_liong_sik
Ling Sie Ming,ling_sie_ming
Liow Tiong Lai,liow_tiong_lai
Liu Yoong Peng,liu_yoong_peng
Lo' Lo' Mohamad Ghazali,lo'_lo'_mohd_ghazali
Lo' Lo' Mohd Ghazali,lo'_lo'_mohd_ghazali
Loh Fook Yen,loh_fook_yen
Loh Gwo Burne,loh_gwo_burne
Loh Jee Mee,loh_jee_mee
Loh Seng Kok,loh_seng_kok
Loke Siew Fook,loke_siew_fook
Loke Yuen Yow,loke_yuen_yow
Luhat Wan,luhat_wan
Lukman Abdul Kadir,lukman_abdul_kadir
M. G. Pandithan,m._g._pandithan
M. Kayveas,m._kayveas
M. Kulasegaran,m._kulasegaran
M. Kulasegaran V. Murugeson,m._kulasegaran
M. Mahalingam,m._mahalingam
M. Manogaran,m._manogaran
M. Saravanan,saravanan_murugan
M. Shukrimum Shamsudin,m._shukrimum_shamsudin
M.古拉,m._kulasegaran
Madina Unggut,madina_unggut
Madius Tangau,madius_tangau
Mah Siew Keong,mah_siew_keong
Mahadzir Mohd Khir,mahadzir_mohd_khir
Mahathir Bin Maxamed,mahathir_mohamad
Mahathir Mohamad,mahathir_mohamad
Mahathir Mohammad,mahathir_mohamad
Mahathir Mohammed,mahathir_mohamad
Mahathir Muhammad,mahathir_mohamad
Mahathir bin Mohamad,mahathir_mohamad
Mahathir ibn Mohamad,mahathir_mohamad
Mahatir Mohammad,mahathir_mohamad
Mahbud Hashim,mahbud_hashim
Mahdzir Khalid,mahdzir_khalid
Mahfuz Omar,mahfuz_omar
Maidom Pansai,maidom_pansai
Mak Hon Kam,mak_hon_kam
Makin @ Marcus Mojigoh,marcus_mojigoh
Mamat Abdul Rahman,mamat_abdul_rahman
Manikavasagam Sundaram,s._manikavasagam
Manivannan Gowindasamy,manivannan_gowindasamy
Mansor Abd Rahman,mansor_abd_rahman
Mansor Masikon,mansor_masikon
Mansor Othman,mansor_othman
Marcus Mojigoh,marcus_mojigoh
Mark Koding,mark_koding
Markiman Kobiran,markiman_kobiran
Mary Yap Kain Ching,mary_yap_kain_ching
Mas Ermieyati Samsudin,mas_ermieyati_samsudin
Mashitah Ibrahim,mashitah_ibrahim
Masir Kujat,masir_kujat
Mastika Junaidah Husin,mastika_junaidah_husin
Mat Basir Rahmat,mat_basir_rahmat
Mat Yasir Ikhsan,mat_yasir_ikhsan
Matulidi Jusoh,matulidi_jusoh
Mawardi Lebai Teh,mawardi_lebai_teh
Maxatxïr bïn Moxamad,mahathir_mohamad
Maximus Johnity Ongkili,maximus_ongkili
Maximus Ongkili,maximus_ongkili
Md Alwi Che Ahmad,md_alwi_che_ahmad
Md Isa Sabu,md_isa_sabu
Md Sirat Abu,md_sirat_abu
Megat Junid Megat Ayob,megat_junid_megat_ayub
Megat Junid Megat Ayub,megat_junid_megat_ayub
Megat Khas Megat Omar,megat_khas_megat_omar
Metah Asang,metah_asang
Michael Asang,michael_asang
Michael Chen Wing Sum,michael_chen_wing_sum
Michael Jeyakumar Devaraj,michael_jeyakumar_devaraj
Michael Lisa Kaya,michael_lisa_kaya
Michael Teo Yu Keng,michael_teo_yu_keng
Mohamad Asri Muda,asri_muda
Mohamad Aziz,mohamad_aziz
Mohamad Imran Abd Hamid,mohamad_imran_abd_hamid
Mohamad Muda Asri,asri_muda
Mohamad Noah Omar,mohamad_noah_omar
Mohamad Razlan Abdul Hamid,mohamad_razlan_abdul_hamid
Mohamad Sabu,mohamad_sabu
Mohamad Said Keruak,mohamad_said_keruak
Mohamad Shahrum Osman,mohamad_shahrum_osman
Mohamad Shukri Mohamed,mohamad_shukri_mohamed
Mohamad Subky Abdul Raof,mohamad_subky_abdul_raof
Mohamad Yusof Mohamed Nor,mohamad_yusof_mohamed_nor
Mohamed Abbas Ahmad,mohamed_abbas_ahmad
Mohamed Abdullah,mohamed_abdullah_(malaysia)
Mohamed Ali,mohamed_ali_(malaysia)
Mohamed Amin Daud,mohamed_amin_daud
Mohamed Arif Salleh,mohamed_arif_salleh
Mohamed Aziz,mohamed_aziz
Mohamed Azmin Ali,mohamed_azmin_ali
Mohamed Dahari Mohd Ali,mohamed_dahari_mohd_ali
Mohamed Farid Ariffin,mohamed_farid_ariffin
Mohamed Ghazali Jawi,mohamed_ghazali_jawi
Mohamed Hanifah Abdul Ghani,mohamed_hanifah_abdul_ghani
Mohamed Hanipa Maidin,mohamed_hanipa_maidin
Mohamed Idris Matsil,mohamed_idris_matsil
Mohamed Isa,mohamed_isa_(malaysia)
Mohamed Ismail Mohd Yusof,mohamed_ismail_mohd_yusof
Mohamed Jamrah,mohamed_jamrah_(malaysia)
Mohamed Kamal Hussain,mohamed_kamal_hussain
Mohamed Khaled Nordin,mohamed_khaled_nordin
Mohamed Khir Johari,khir_johari
Mohamed Nasir Che Daud,mohamed_nasir_che_daud
Mohamed Nasir Ibrahim Fikri,mohd_nasir_ibrahim_fikri
Mohamed Nazri Abdul Aziz,mohamed_nazri_abdul_aziz
Mohamed Nazri bin Abdul Aziz,mohamed_nazri_abdul_aziz
Mohamed Noordin Mastan,mohamed_noordin_mastan
Mohamed Nor Mohd Dahan,mohamed_nor_mohd_dahan
Mohamed Rahmat,mohamed_rahmat
Mohamed Razali Che Mamat,mohamed_razali_che_mamat
Mohamed Said Keruak,mohamed_said_keruak
Mohamed Sam Sailan,mohamed_sam_sailan
Mohamed Sopiee Sheikh Ibrahim,mohamed_sopiee_sheikh_ibrahim
Mohamed Sulong Mohd. Ali,mohamed_sulong_mohd._ali
Mohamed Taib,mohamed_taib
Mohamed Tawfik Ismail,mohamed_tawfik_ismail
Mohamed Ujang,mohamed_ujang
Mohamed Yaacob,mohamed_yaacob
Mohamed Yusof Mahmud,mohamed_yusof_mahmud
Mohamed Yusof Mohamed Noor,mohamed_yusof_mohamed_noor
Mohamed bin Rahmat,mohamed_rahmat
Mohammad Abu Bakar Rautin Ibrahim,mohammad_abu_bakar_rautin_ibrahim
Mohammad Idris Mohammad Basari,mohammad_idris_mohammad_basari
Mohammad Taufeck Asneh,mohammad_taufeck_asneh
Mohammad Yahya Lampong,mohammad_yahya_lampong
Mohammed Yusoff Abdul Latib,mohammed_yusoff_abdul_latib
Mohammed Yussof Yakob,mohammed_yussof_yakob
Mohd Abdul Wahid Endut,mohd_abdul_wahid_endut
Mohd Ali M. Shariff,mohd_ali_m._shariff
Mohd Ali Rustam,mohd_ali_rustam
Mohd Ali bin Mohd Rustam,mohd_ali_rustam
Mohd Ariff Sabri Abdul Aziz,ariff_sabri_abdul_aziz
Mohd Ariff Sabri Aziz,ariff_sabri_abdul_aziz
Mohd Asri bin Haji Muda,asri_muda
Mohd Daud Tarihep,mohd_daud_tarihep
Mohd Effendi Norwawi,mohd_effendi_norwawi
Mohd Fasiah Mohd Fakeh,mohd_fasiah_mohd_fakeh
Mohd Firdaus Jaafar,mohd_firdaus_jaafar
Mohd Hatta Ramli,mohd_hatta_ramli
Mohd Hayati Othman,mohd_hayati_othman
Mohd Idris Jusi,mohd_idris_jusi
Mohd Idris bin Jusi,mohd_idris_jusi
Mohd Isa Abdul Samad,mohd_isa_abdul_samad
Mohd Jidin Shafee,mohd_jidin_shafee
Mohd Johari Baharom,mohd_johari_baharum
Mohd Johari Baharum,mohd_johari_baharum
Mohd Khairuddin Aman Razali,mohd_khairuddin_aman_razali
Mohd Khalil Yaakob,mohd_khalil_yaakob
Mohd Khir Johari,khir_johari
Mohd Najib Abdul Razak,najib_razak
Mohd Najib bin Abdul Razak,najib_razak
Mohd Nasir Ibrahim Fikri,mohd_nasir_ibrahim_fikri
Mohd Nasir Zakaria,mohd_nasir_zakaria
Mohd Nizar Zakaria,mohd_nizar_zakaria
Mohd Nor Othman,mohd_nor_othman
Mohd Puad Zarkashi,mohd_puad_zarkashi
Mohd Radzi Sheikh Ahmad,mohd_radzi_sheikh_ahmad
Mohd Ruddin Ab Ghani,mohd_ruddin_ab_ghani
Mohd Said Yusof,mohd_said_yusof
Mohd Sarit Yusoh,mohd_sarit_yusoh
Mohd Shafie Apdal,shafie_apdal
Mohd Shariff Omar,mohd_shariff_omar
Mohd Tajol Rosli Mohd Ghazali,tajol_rosli_mohd_ghazali
Mohd Yusmadi Mohd Yusoff,mohd_yusmadi_mohd_yusoff
Mohd Yusoff Mohd Nor,mohd_yusoff_mohd_nor
Mohd Yusop Majid,mohd_yusop_majid
Mohd Zaid Ibrahim,zaid_ibrahim
Mohd Zaim Abu Hassan,mohd_zaim_abu_hassan
Mohd Zin Mohamed,mohd_zin_mohamed
Mohd. Adib Mohd. Adam,mohd._adib_mohd._adam
Mohd. Ali Hassan,mohd._ali_hassan
Mohd. Apandi Mohamad,mohd._apandi_mohamad
Mohd. Bakri Abdul Rais,mohd._bakri_abdul_rais
Mohd. Daud Abdul Samad,mohd._daud_abdul_samad
Mohd. Idris Ibrahim,mohd._idris_ibrahim
Mohd. Kassim Ahmad,mohd._kassim_ahmad
Mohd. Kassim Ahmed,mohd._kassim_ahmed
Mohd. Khalid Mohd. Yunus,mohd._khalid_mohd._yunus
Mohd. Nakhaei Ahmad,mohd._nakhaei_ahmad
Mohd. Noh Rajab,mohd._noh_rajab
Mohd. Salleh Abdullah,mohd._salleh_abdullah
Mohd. Sarit Yusoh,mohd._sarit_yusoh
Mohd. Sharif Jajang,mohd._sharif_jajang
Mohd. Shariff Omar,mohd._shariff_omar
Mohd. Tahir Abdul Majid,mohd._tahir_abdul_majid
Mohd. Tahir Abdul Manan,mohd._tahir_abdul_manan
Mohd. Tamrin Abdul Ghafar,mohd._tamrin_abdul_ghafar
Mohd. Yasin Kamari,mohd._yasin_kamari
Mohd. Zahari Awang,mohd._zahari_awang
Mohd. Zahir Ismail,mohd._zahir_ismail
Mohd. Zain Abdullah,mohd._zain_abdullah
Mohd. Zain Omar,mohd._zain_omar
Mohd. Zihin Mohd. Hassan,mohd._zihin_mohd._hassan
Mohsin Fadzli Samsuri,mohsin_fadzli_samsuri
Mojilip Bin Bumburing @ Wilfred,wilfred_bumburing
Mokhtar Hashim,mokhtar_hashim
Mokhtar Ismail,mokhtar_ismail
Mokhtaram Rabidin,mokhtaram_rabidin
Mokhtaruddin Wan Yusof,mokhtaruddin_wan_yusof
Monggoh Orow,monggoh_orow
Muhamad Shahrum Osman,muhamad_shahrum_osman
Muhammad Abdullah,muhammad_abdullah_(malaysia)
Muhammad Fakhruddin Abdullah,muhammad_fakhruddin_abdullah
Muhammad Husin,muhammad_husin
Muhammad Mustafa,muhammad_mustafa
Muhyiddin Abdul Rashid,muhyiddin_abdul_rashid
Muhyiddin Yassin,muhyiddin_yassin
Mujahid Yusof Rawa,mujahid_yusof_rawa
Mujahid Yusuf Rawa,mujahid_yusof_rawa
Mukhriz Mahathir,mukhriz_mahathir
Musa Hitam,musa_hitam
Mustafa Ali,mustafa_ali
Mustafa Muda,mustafa_muda
Mustaffa Mohammad,mustaffa_mohammad
Mustapa Mohamed,mustapa_mohamed
Mustapha Abdul Jabar,mustapha_abdul_jabar
Mustapha Ahmad,mustapha_ahmad
Mustapha Harun,mustapha_harun
Mustapha Hussain,mustapha_hussain
Mustapha bin Harun,mustapha_harun
Mutang Tagal,mutang_tagal
N Gobalakrishnan,n_gobalakrishnan
N. Surendran,n._surendran
Nadžibs Razaks,najib_razak
Najib Razak,najib_razak
Najib Tun Abdul Razak,najib_razak
Najib Tun Razak,najib_razak
Najib Tun Razak,najib_tun_razak
Nancy Shukri,nancy_shukri
Napsiah Omar,napsiah_omar
Nasaruddin Hashim,nasaruddin_hashim
Nasharuddin Mat Isa,nasharudin_mat_isa
Nasharudin Mat Isa,nasharudin_mat_isa
Nasruddin Alang Saidin,nasruddin_alang_saidin
Nasrudin Hassan,nasrudin_hassan
Nasrun Mansor,nasrun_mansor
Nawawi Ahmad,nawawi_ahmad
Nawawi Mat Awin,nawawi_mat_awin
Naĝib Razak,najib_razak
Na̍p-kit Â-tû Là-sat,najib_razak
Necip Rezak,najib_razak
Neo Yee Pan,neo_yee_pan
Newman Gaban,newman_gaban
Ng Ann Teck,ng_ann_teck
Ng Cheng Kiat,ng_cheng_kiat
Ng Cheng Kuai,ng_cheng_kuai
Ng Fah Yam,ng_fah_yam
Ng Hoe Hun,ng_hoe_hun
Ng Kam Poh,ng_kam_poh
Ng Lip Yong,ng_lip_yong
Ng Wei Aik,ng_wei_aik
Ng Yen Yen,ng_yen_yen
Nga Kor Ming,nga_kor_ming
Ngah Abdul Rahman,ngah_abdul_rahman
Ngan Siong Hin,ngan_siong_hin
Ngeh Koo Ham,ngeh_koo_ham
Ngoi Thiam Woh,ngoi_thiam_woh
Nicholas Munong Ibau,nicholas_munong_ibau
Nik Abdul Aziz Nik Mat,nik_abdul_aziz_nik_mat
Nik Abdul Aziz bin Nik Mat,nik_abdul_aziz_nik_mat
Nik Abdullah Arshad,nik_abdullah_arshad
Nik Ahmad Kamil Nik Mahmud,nik_ahmad_kamil_nik_mahmud
Nik Ahmad Kamil bin Nik Mahmud,nik_ahmad_kamil_nik_mahmud
Nik Hassan Abdul Rahman,nik_hassan_abdul_rahman
Nik Hussein Wan Abdul Rahman,nik_hussein_wan_abdul_rahman
Nik Man Nik Mohamed,nik_man_nik_mohamed
Nik Mazian Nik Mohamad,nik_mazian_nik_mohamad
Nik Mohamad Abduh Nik Abdul Aziz,nik_mohamad_abduh_nik_abdul_aziz
Nik Mohd. Amar Nik Abdullah,nik_mohd._amar_nik_abdullah
Nizar Jamaluddin,nizar_jamaluddin
Nogeh Gumbek,nogeh_gumbek
Noh Omar,noh_omar
Noh bin Omar,noh_omar
Noor Azmi Ghazali,noor_azmi_ghazali
Noor Ehsanuddin Mohd Harun Narrashid,noor_ehsanuddin_mohd_harun_narrashid
Nor Mohamed Yakcop,nor_mohamed_yakcop
Norah Abdul Rahman,norah_abdul_rahman
Noraini Ahmad,noraini_ahmad
Noriah Kasnon,noriah_kasnon
Normala Abd Samad,normala_abdul_samad
Normala Abdul Samad,normala_abdul_samad
Nungsari Ahmad Radhi,nungsari_ahmad_radhi
Nur Jazlan Mohamed,nur_jazlan_mohamed
Nurnikman Abdullah,nurnikman_abdullah
Nurul Izzah Anwar,nurul_izzah_anwar
Oh Keng Seng,oh_keng_seng
Omar Abdullah,omar_abdullah
Omar Ong Yoke Lin,omar_ong_yoke_lin
Ong Ka Chuan,ong_ka_chuan
Ong Ka Ting,ong_ka_ting
Ong Kee Hui,ong_kee_hui
Ong Kian Ming,ong_kian_ming
Ong Tee Keat,ong_tee_keat
Ong Tin Kim,ong_tin_kim
Onn Jaafar,onn_jaafar
Oo Gin Sun,oo_gin_sun
Oon Zariah Abu Bakar,oon_zariah_abu_bakar
Oscar Ling Chai Yew,oscar_ling_chai_yew
Osman Minudin,osman_minudin
Osu Sukam,osu_sukam
Othman Abdul,othman_abdul
Othman Abdullah,othman_abdullah
Othman Aziz,othman_aziz
P. Kamalanathan,p._kamalanathan
P. Komala Devi,p._komala_devi
P. Patto,p._patto
P. Ramasamy,ramasamy_palanisamy
Palanivel Govindasamy,g._palanivel
Palanivel Govindasamy,palanivel_govindasamy
Pang Tet Tshung,pang_tet_tshung
Patau Rubis,patau_rubis
Patrick Uren,patrick_uren
Paul Leong Khee Seong,paul_leong_khee_seong
Paulis Nointien,paulis_nointien
Pengiran Ahmad Pengiran Indar,pengiran_ahmad_pengiran_indar
Pengiran Othman Pengiran Rauf,pengiran_othman_pengiran_rauf
Pengiran Tahir Pengiran Petra,pengiran_tahir_pengiran_petra
Peter Chin Fah Kui,peter_chin_fah_kui
Peter Chin Gan Oon,peter_chin_gan_oon
Peter Lim Pui Ho,peter_lim_pui_ho
Peter Lo Sui Yin,peter_lo_sui_yin
Peter Paul Dason,peter_paul_dason
Peter Tinggom Kamarau,peter_tinggom_kamarau
Philip Benedict Lasimbang,philip_benedict_lasimbang
Philip Yong Chew Lip,philip_yong_chew_lip
Philip Yong Chiew Lip,philip_yong_chiew_lip
Pitting Mohd. Ali,pitting_mohd._ali
Qamaruzaman Ismail,qamaruzaman_ismail
Quah Wee Liam,quah_wee_liam
Quek Kai Dong,quek_kai_dong
R. C. Mahadeva Rayan,r._c._mahadeva_rayan
Racha Umong,racha_umong
Raden Malleh,raden_malleh
Rafidah Aziz,rafidah_aziz
Rafizi Ramli,rafizi_ramli
Rahim Thamby Chik,rahim_thamby_chik
Rahmah Othman,rahmah_othman
Rahman Ismail,rahman_ismail
Rahmat Daud,rahmat_daud
Rahun Debak,rahun_debak
Railey Jeffrey,railey_jeffrey
Raime Unggi,raime_unggi
Raimi Unggi,raimi_unggi
Rais Yatim,rais_yatim
Raja Ahmad Zainuddin Raja Omar,raja_ahmad_zainuddin_raja_omar
Raja Ariffin Raja Sulaiman,raja_ariffin_raja_sulaiman
Raja Kamarul Bahrin Shah Raja Ahmad,raja_kamarul_bahrin_shah_raja_ahmad
Raja Nasron Raja Ishak,raja_nasron_raja_ishak
Raja Nong Chik Raja Ishak,raja_nong_chik_raja_ishak
Raja Rome Raja Ma'amor,raja_rome_raja_ma'amor
Rakibah Abdul Manap,rakibah_abdul_manap
Ramasamy Palanisamy,ramasamy_palanisamy
Ramkarpal Singh,ramkarpal_singh
Ramkarpal Singh Deo,ramkarpal_singh
Ramli Ibrahim,ramli_ibrahim
Ramli Ngah Talib,ramli_ngah_talib
Ramli Omar,ramli_omar
Ramli Taib,ramli_taib
Rashid Din,rashid_din
Rasiah Rajasingam,rasiah_rajasingam
Raymond Szetu Mei Thong,raymond_szetu_mei_thong
Razali Ibrahim,razali_ibrahim
Razali Ismail,razali_ismail
Redza Mohd Said,redza_mohd_said
Reezal Merican Naina Merican,reezal_merican_naina_merican
Richard Dampeng Laki,richard_dampeng_laki
Richard Damping Laki,richard_damping_laki
Richard Ho Ung Hun,richard_ho_ung_hun
Richard Riot Jaem,richard_riot_jaem
Rizalman Abdullah,rizalman_abdullah
Robert Lau Hoi Chew,robert_lau_hoi_chew
Robia Kosai,robia_kosai
Rohani Abdul Karim,rohani_abdul_karim
Ronald Kiandee,ronald_kiandee
Rosemary Chow Poh Kheng,rosemary_chow_poh_kheng
Roslan Shaharum,roslan_shaharum
Rosli Mat Hassan,rosli_mat_hassan
Rosnah Abdul Rashid Shirlin,rosnah_shirlin
Rosnah Rashid Shirlin,rosnah_shirlin
Rosnah Shirlin,rosnah_shirlin
Rozaidah Talib,rozaidah_talib
Rozman Isli,rozman_isli
Rubiah Wang,rubiah_wang
Ruhanie Ahmad,ruhanie_ahmad
S'ng Chee Hua,s'ng_chee_hua
S. A. Anpalagan,s._a._anpalagan
S. Manikavasagam,s._manikavasagam
S. P. Seenivasagam,s._p._seenivasagam
S. S. Subramaniam,s._s._subramaniam
S. S. Subramaniam Sinniah,s._s._subramaniam_sinniah
S. Sothinathan,s._sothinathan
S. Subramaniam,subramaniam_sinniah
S. Veerasingam,s._veerasingam
Saadun Muhammad Noh,saadun_muhammad_noh
Sabbaruddin Chik,sabbaruddin_chik
Saidin Adam,saidin_adam
Saidin Mat Piah,saidin_mat_piah
Saifuddin Abdullah,saifuddin_abdullah
Saifuddin Nasution Ismail,saifuddin_nasution_ismail
Sakaran Dandai,sakaran_dandai
Salahuddin Ayub,salahuddin_ayub
Salamon Selamat,salamon_selamat
Salleh Bin Kalbi,salleh_kalbi
Salleh Jafaruddin,salleh_jafaruddin
Salleh Kalbi,salleh_kalbi
Salleh Said Keruak,salleh_said_keruak
Samson Chin Chee Tsu,samson_chin_chee_tsu
Samsu Baharun Abdul Rahman,samsu_baharun_abdul_rahman
Samy Vellu,samy_vellu
Sanusi Junid,sanusi_junid
Sapawi Ahmad,sapawi_ahmad
Saravanan Murugan,saravanan_murugan
Sardon Haji Jubir,sardon_jubir
Sardon Jubir,sardon_jubir
Saupi Daud,saupi_daud
Sazmi Miah,sazmi_miah
Seah Leong Peng,seah_leong_peng
Seah Teng Ngiab,seah_teng_ngiab
Senu Abdul Rahman,senu_abdul_rahman
Seow Hun Khim,seow_hun_khim
Seripah Noli Syed Hussin,seripah_noli_syed_hussin
Seroji Haron,seroji_haron
Shaari Hassan,shaari_hassan
Shaari Jusoh,shaari_jusoh
Shabudin Yahaya,shabudin_yahaya
Shafie Abdullah,shafie_abdullah
Shafie Apdal,shafie_apdal
Shafie Mohd Salleh,shafie_salleh
Shafie Salleh,shafie_salleh
Shaharuddin Ismail,shaharuddin_ismail
Shahidan Kassim,shahidan_kassim
Shahnon Ahmad,shahnon_ahmad
Shahrir Abdul Samad,shahrir_abdul_samad
Shahrir bin Abdul Samad,shahrir_abdul_samad
Shahrizat Abdul Jalil,shahrizat_abdul_jalil
Shamsuddin Din,shamsuddin_din
Shamsul Anuar Nasarah,shamsul_anuar_nasarah
Shamsul Iskandar Md. Akin,shamsul_iskandar_md._akin
Shamsuri Md. Salleh,shamsuri_md._salleh
Sharifah Dora Syed Mohamed,sharifah_dora_syed_mohamed
Shariff Ahmad,shariff_ahmad
Shariffah Dorah Mohammed,shariffah_dorah_mohammed
Shariffah Dorah Syed Mohammed,shariffah_dorah_syed_mohammed
Shaziman Abu Mansor,shaziman_abu_mansor
Shim Paw Fatt,shim_paw_fatt
Siam Kasrin,siam_kasrin
Sibat Miyut Tagong,sibat_miyut_tagong
Sim Kwang Yang,sim_kwang_yang
Sim Tong Him,sim_tong_him
Sim Tze Tzin,sim_tze_tzin
Sinnathamby Seevaratnam,sinnathamby_seevaratnam
Sinyium Mutit,sinyium_mutit
Siow Loong Hin,siow_loong_hin
Siringan Bin Gubat,siringan_gubat
Siringan Gubat,siringan_gubat
Siti Mariah Mahmud,siti_mariah_mahmud
Siti Zaharah Sulaiman,siti_zaharah_sulaiman
Siti Zailah Mohd Yusoff,siti_zailah_mohd_yusoff
Siti Zailah Muhd Yusoff,siti_zailah_mohd_yusoff
Siti Zainabon Abu Bakar,siti_zainabon_abu_bakar
Sivakumar A/L Varatharaju,v._sivakumar
Sivarasa K. Rasiah,sivarasa_rasiah
Sivarasa Rasiah,sivarasa_rasiah
Snawi Ismail,snawi_ismail
Soh Ah Teck,soh_ah_teck
Song Swee Guan,song_swee_guan
Soorian Arjunan,soorian_arjunan
Stephen R. Evans,stephen_r._evans
Stephen Robert Evans,stephen_r._evans
Stephen Yong Kuet Tze,stephen_yong_kuet_tze
Steven Sim,steven_sim
Steven Sim Chee Keong,steven_sim
Su Keong Siong,su_keong_siong
Su Liang Yu,su_liang_yu
Subramaniam Sathasivam,subramaniam_sathasivam
Subramaniam Sinniah,subramaniam_sinniah
Suhaili Abdul Rahman,suhaili_abdul_rahman
Suhaimi Kamaruddin,suhaimi_kamaruddin
Sukinam Domo,sukinam_domo
Sukri Mohamed,sukri_mohamed
Sulaiman Abdul Rahman,sulaiman_abdul_rahman
Sulaiman Abdul Rahman Abdul Taib,sulaiman_abdul_rahman_taib
Sulaiman Abdul Rahman Taib,sulaiman_abdul_rahman_taib
Sulaiman Bulon,sulaiman_bulon
Sulaiman Daud,sulaiman_daud
Sulaiman Mohamed Attas,sulaiman_mohamed_attas
Sulaiman Taib,sulaiman_taib
Suleiman Ali,suleiman_ali
Suleiman Mohamed,suleiman_mohamed
Surendran Nagarajan,n._surendran
Syed Ahmad Syed Mahmud Shahabuddin,syed_ahmad_syed_mahmud_shahabuddin
Syed Ahmad bin Syed Mahmud Shahabuddin,syed_ahmad_syed_mahmud_shahabuddin
Syed Azman Syed Ahmad Nawawi,syed_azman_syed_ahmad_nawawi
Syed Esa Alwee,syed_esa_alwee
Syed Hamid Albar,syed_hamid_albar
Syed Hamid bin Syed Jaafar Albar,syed_hamid_albar
Syed Hashim Syed Ajam,syed_hashim_syed_ajam
Syed Hassan Syed Mohamed,syed_hassan_syed_mohamed
Syed Hood Syed Edros,syed_hood_syed_edros
Syed Jaafar Albar,syed_jaafar_albar
Syed Nahar Syed Sheh Shahabuddin,syed_nahar_syed_sheh_shahabuddin
Syed Nasir Ismail,syed_nasir_ismail
Syed Razlan Syed Putra Jamallullail,syed_razlan_syed_putra_jamallullail
T. Mahima Singh,t._mahima_singh
T. Marimuthu,t._marimuthu_(malaysia)
Tai Kuan Yang,tai_kuan_yang
Taib Azamudden Md Taib,taib_azamudden_md_taib
Taiman Lumaing,taiman_lumaing
Taimin Lumaing,taimin_lumaing
Tajol Rosli Mohd Ghazali,tajol_rosli_mohd_ghazali
Tajuddin Abdul Rahman,tajuddin_abdul_rahman
Tajudin Ali,tajudin_ali
Takiyuddin Hassan,takiyuddin_hassan
Tan Ah Eng,tan_ah_eng
Tan Chai Ho,tan_chai_ho
Tan Chee Khoon,tan_chee_khoon
Tan Cheng Bee,tan_cheng_bee
Tan Chong Keng,tan_chong_keng
Tan Kee Gak,tan_kee_gak
Tan Kee Kwong,tan_kee_kwong
Tan Kok Hooi,tan_kok_hooi
Tan Kok Wai,tan_kok_wai
Tan Koon Swan,tan_koon_swan
Tan Lian Hoe,tan_lian_hoe
Tan Phock Kin,tan_phock_kin
Tan Seng Giaw,tan_seng_giaw
Tan Siew Sin,tan_siew_sin
Tan Sri Mohamed Rahmat,mohamed_rahmat
Tan Tee Beng,tan_tee_beng
Tan Tiong Hong,tan_tiong_hong
Tan Toh Hong,tan_toh_hong
Tan Tye Chek,tan_tye_chek
Tan Yee Kew,tan_yee_kew
Tekhee @ Tiki Anak Lafe,tiki_lafe
Teng Boon Soon,teng_boon_soon
Teng Gaik Kwan,teng_gaik_kwan
Tengku Adnan Tengku Mansor,tengku_adnan_tengku_mansor
Tengku Ahmad Rithauddeen Tengku Ismail,tengku_ahmad_rithauddeen_tengku_ismail
Tengku Azlan Ibni Sultan Abu Bakar,tengku_azlan_sultan_abu_bakar
Tengku Azlan Sultan Abu Bakar,tengku_azlan_sultan_abu_bakar
Tengku Indra Petra Sultan Ibrahim,tengku_indra_petra_sultan_ibrahim
Tengku Mahmud Tengku Mansor,tengku_mahmud_tengku_mansor
Tengku Noor Asiah Tengku Ahmad,tengku_noor_asiah_tengku_ahmad
Tengku Putera Tengku Awang,tengku_putera_tengku_awang
Tengku Razaleigh Hamzah,tengku_razaleigh_hamzah
Tengku Razaleigh bin Tengku Mohd Hamzah,tengku_razaleigh_hamzah
Tengku Zaid Tengku Ahmad,tengku_zaid_tengku_ahmad
Teo Kok Seong,teo_kok_seong
Teo Nie Ching,teo_nie_ching
Teoh Chze Chong,teoh_chze_chong
Teoh Teik Huat,teoh_teik_huat
Teresa Kok,teresa_kok
Teresa Kok Suh Sim,teresa_kok
Thomas Gabriel Selvaraj,thomas_gabriel_selvaraj
Thomas Salang Siden,thomas_salang_siden
Thong Fah Chong,thong_fah_chong
Tiah Eng Bee,tiah_eng_bee
Tibuoh Rantai,tibuoh_rantai
Tieu Sung Seng,tieu_sung_seng
Tiki Lafe,tiki_lafe
Ting Chek Ming,ting_chek_ming
Ting Chew Peh,ting_chew_peh
Ting Ling Kiew,ting_ling_kiew
Ting Ming Kiong,ting_ming_kiong
Tiong King Sing,tiong_king_sing
Tiong Thai King,tiong_thai_king
Toh Theam Hock,toh_theam_hock
Tony Pua,tony_pua
Tony Pua Kiam Wee,tony_pua
Too Joon Hing,too_joon_hing
Tun Abdul Razak,abdul_razak_hussein
Tun Jugah,jugah_anak_barieng
Tunku Abdul Rahman,tunku_abdul_rahman
Tunku Abdul Rahman Putra,tunku_abdul_rahman
Tunku Abdul Rahman Sultan Abdul Hamid Halim Shah,tunku_abdul_rahman
Tunku Abdullah Tuanku Abdul Rahman,tunku_tan_sri_abdullah
Tunku Abdullah ibni Almarhum Tuanku Abdul Rahman,tunku_tan_sri_abdullah
Tunku Abdülrahman,tunku_abdul_rahman
Tunku Tan Sri Abdullah,tunku_tan_sri_abdullah
Umar Ismail,umar_ismail
V. David,v._david
V. Govindaraj,v._govindaraj
V. Manickavasagam,v._manickavasagam
V. Sivakumar,v._sivakumar
V. T. Sambanthan,v._t._sambanthan
Veerappen Veerathan,veerappen_veerathan
Vigneswaran M. Sanasee,vigneswaran_m._sanasee
Vincent Lim Kuo Phau,vincent_lim_kuo_phau
Wahab Bin Haji Dolah,wahab_dolah
Wahab Dolah,wahab_dolah
Wahab Dollah,wahab_dollah
Wahab Suhaili,wahab_suhaili
Wairy Leben Kato,wairy_leben_kato
Walter Loh Poh Khan,walter_loh_poh_khan
Wan Abdul Kadir Ismail,wan_abdul_kadir_ismail
Wan Abdul Rahim Wan Abdullah,wan_abdul_rahim_wan_abdullah
Wan Abu Bakar Wan Mohamad,wan_abu_bakar_wan_mohamad
Wan Adnan Wan Mamat,wan_adnan_wan_mamat
Wan Azizah Wan Ismail,wan_azizah_wan_ismail
Wan Azmi Wan Ariffin,wan_azmi_wan_ariffin
Wan Hanafiah Wan Mat Saman,wan_hanafiah_wan_mat_saman
Wan Hashim Wan Teh,wan_hashim_wan_teh
Wan Hassan Mohd Ramli,wan_hassan_mohd_ramli
Wan Hassan Wan Daud,wan_hassan_wan_daud
Wan Ibrahim Wan Abdullah,wan_ibrahim_wan_abdullah
Wan Junaidi Bin Tuanku Jaafar,wan_junaidi_tuanku_jaafar
Wan Junaidi Tuanku Jaafar,wan_junaidi_tuanku_jaafar
Wan Mohammad Khair-il Anuar Wan Ahmad,wan_mohammad_khair-il_anuar_wan_ahmad
Wan Mohd. Jamil Wan Mahmood,wan_mohd._jamil_wan_mahmood
Wan Mohd. Najib Wan Mohamad,wan_mohd._najib_wan_mohamad
Wan Mohd. Najib Wan Mohamed,wan_mohd._najib_wan_mohamed
Wan Mokhtar Ahmad,wan_mokhtar_ahmad
Wan Mustapha Ali,wan_mustapha_ali
Wan Nik Wan Yusoff,wan_nik_wan_yusoff
Wan Omar Wan Majid,wan_omar_wan_majid
Wan Omar Wan Najib,wan_omar_wan_najib
Wan Sulaiman Ibrahim,wan_sulaiman_ibrahim
Wan Sulaiman Wan Tam,wan_sulaiman_wan_tam
Wan Yahya Wan Mohamed,wan_yahya_wan_mohamed
Wan Zainab M. A. Bakar,wan_zainab_m._a._bakar
Wang Choon Wing,wang_choon_wing
Wee Choo Keong,wee_choo_keong
Wee Ho Soon,wee_ho_soon
Wee Jeck Seng,wee_jeck_seng
Wee Ka Siong,wee_ka_siong
Wilfred Bumburing,wilfred_bumburing
Wilfred Madius Tangau,wilfred_madius_tangau
William @ Nyallau Anak Badak,william_nyallau_badak
William Leong Jee Keen,william_leong_jee_keen
William Lye Chee Hien,william_lye_chee_hien
William Mawan Ikom,william_mawan_ikom
William Nyallau Badak,william_nyallau_badak
Wilson Ugak Kumbong,wilson_ugak_kumbong
Wong Chen,wong_chen
Wong Ho Leng,wong_ho_leng
Wong Hoong Keat,wong_hoong_keat
Wong Kam Hoong,wong_kam_hoong
Wong Ling Biu,wong_ling_biu
Wong Nai Chee,wong_nai_chee
Wong See Wah,wong_see_wah
Wong Soon Kai,wong_soon_kai
Wong Tien Fatt,wong_tien_fatt
Woo Saik Hong,woo_saik_hong
Woon See Chin,woon_see_chin
Yahaya Mohd. Shafie,yahaya_mohd._shafie
Yahya Ahmad,yahya_ahmad
Yahya Zakaria,yahya_zakaria
Yang Choong Fu,yang_choong_fu
Yang Siew Siang,yang_siew_siang
Yap Pian Hon,yap_pian_hon
Yap Yit Thong,yap_yit_thong
Yee Moh Chai,yee_moh_chai
Yeh Pao Tzu,yeh_pao_tzu
Yeoh Poh San,yeoh_poh_san
Yeoh Tat Beng,yeoh_tat_beng
Yeoh Teck Chye,yeoh_teck_chye
Yeong Chee Wah,yeong_chee_wah
Yew Foo Weng,yew_foo_weng
Yew Teong Look,yew_teong_look
Yim Chee Hong,yim_chee_hong
Yong Fatimah Mohd. Razali,yong_fatimah_mohd._razali
Yong Khoon Hian @ Yong Khoon Seng,yong_khoon_seng
Yong Khoon Seng,yong_khoon_seng
Yong Teck Lee,yong_teck_lee
Yong Woo Ming,yong_woo_ming
Yunof Edward Maringking,yunof_edward_maringking
Yunus Rahmat,yunus_rahmat
Yusof Malim Kuning,yusof_malim_kuning
Yusof Rawa,yusof_rawa
Yusof Yacob,yusof_yacob
Yusuf Rawa,yusof_rawa
Zabidi Ali,zabidi_ali
Zahidi Zainul Abidin,zahidi_zainul_abidin
Zahrain Mohamed Hashim,zahrain_mohamed_hashim
Zaid Ibrahim,zaid_ibrahim
Zainal Abidin Ahmad,zainal_abidin_ahmad_(politician)
Zainal Abidin Ahmad (PKR),zainal_abidin_ahmad_(politician)
Zainal Abidin Johari,zainal_abidin_johari
Zainal Abidin Osman,zainal_abidin_osman
Zainal Abidin Zin,zainal_abidin_zin
Zainal Dahalan,zainal_dahalan
Zainon Munshi Sulaiman,zainon_munshi_sulaiman
Zainuddin Maidin,zainuddin_maidin
Zainuddin Mohamad Nor,zainuddin_mohamad_nor
Zainudin Ismail,zainudin_ismail
Zairil Khir Johari,zairil_khir_johari
Zakaria Abdul Rahman,zakaria_abdul_rahman
Zakaria Ismail,zakaria_ismail
Zakaria Mohd Said,zakaria_mohd_said
Zakaria Mohd Taib,zakaria_mohd_taib
Zaleha Ismail,zaleha_ismail
Zawawi Ahmad,zawawi_ahmad
Zubir Embong,zubir_embong
Zulhasnan Rafique,zulhasnan_rafique
Zulkiflee Muhammad,zulkiflee_muhammad
Zulkifli Nordin,zulkifli_nordin
Zuraida Kamarudin,zuraida_kamarudin
tun datuk mustafah,mustapha_harun
Ənvər İbrahim,anwar_ibrahim
Αμπντουλάχ Αχμέτ Mπαντάουι,abdullah_ahmad_badawi
Νατζίμπ Ραζάκ,najib_razak
Абдул Разак,abdul_razak_hussein
"Абдул Разак, Хусейн",abdul_razak_hussein
Абдул Рахман,tunku_abdul_rahman
Абдул Рахман Путра Альхадж,tunku_abdul_rahman
Абдулла Ахмад Бадави,abdullah_ahmad_badawi
Абдулла Ахмад Бадаві,abdullah_ahmad_badawi
Анвар Ибрагим,anwar_ibrahim
Аніф Аман,anifah_aman
Ахмад Захид Хамиди,ahmad_zahid_hamidi
Ван Азиза Ван Исмаил,wan_azizah_wan_ismail
Джеймс Вонг,james_wong_(politician)
Ко Цу Кун,koh_tsu_koon
Махатир Мохамад,mahathir_mohamad
Махатхир Мохамад,mahathir_mohamad
Махатхир бин Мохамад,mahathir_mohamad
Мохамад Махатхір,mahathir_mohamad
Мохамед Рахмат,mohamed_rahmat
Мухиддин Ясcин,muhyiddin_yassin
Мәхәтхир Мөхәмәт,mahathir_mohamad
Наджиб Разак,najib_razak
Наджиб Тун Разак,najib_razak
Нурул Изза Анвар,nurul_izzah_anwar
Рахмат,mohamed_rahmat
"Рахмат, Мохамед",mohamed_rahmat
Хуссейн Онн,hussein_onn
"Шафи, Газали",ghazali_shafie
Шахнон Ахмад,shahnon_ahmad
أنور إبراهيم,anwar_ibrahim
ابراهیم علی,ibrahim_ali_(malaysia)
انور ابراهیم,anwar_ibrahim
تنكو عبد الرحمن,tunku_abdul_rahman
تونکو عبدالرحمان,tunku_abdul_rahman
حسن محمد,hassan_mohamed
عبد الغفار بابا,ghafar_baba
عبد الله أحمد بدوي,abdullah_ahmad_badawi
عبد الهادي أوانج,abdul_hadi_awang
عبدالله احمد بداوی,abdullah_ahmad_badawi
عبداللہ احمد بداوی,abdullah_ahmad_badawi
عمر عبداللہ,omar_abdullah
عنیفه عمان,anifah_aman
عون بن جعفر,onn_jaafar
ليم كيت سيانغ,lim_kit_siang
لیم کیت سیانگ,lim_kit_siang
ماحاتحىير بىين موحاماد,mahathir_mohamad
محمد سبو,mohamad_sabu
مهاتير محمد,mahathir_mohamad
مهاتیر محمد,mahathir_mohamad
مه‌هاتهیر محه‌مه‌د,mahathir_mohamad
مہاتیر محمد,mahathir_mohamad
نجيب تون عبد الرزاق,najib_razak
نجیب تون رزاق,najib_razak
نيك عبد العزيز نيك مات,nik_abdul_aziz_nik_mat
نەجیب ڕەزاق,najib_razak
چونگ انگ,chong_eng
अब्दुल्लाह अहमद बदावी,abdullah_ahmad_badawi
उमर अब्दुल्ला,omar_abdullah
ओमर अब्दुल्ला,omar_abdullah
करपाल सिंह,karpal_singh
चेंगारा वीटिल देवन नायर,devan_nair
टुंकु अब्दुल रहमान,tunku_abdul_rahman
टुन अब्दुल रज़ाक,abdul_razak_hussein
टुन हुसेन ओन,hussein_onn
देवन नायर,devan_nair
महातिर मोहम्मद,mahathir_mohamad
महाथिर मोहमद,mahathir_mohamad
महाथीर मोहम्मद,mahathir_mohamad
আনোয়ার ইব্রাহীম,anwar_ibrahim
মাহাথির বিন মোহাম্মদ,mahathir_mohamad
ਉਮਰ ਅਬਦੁੱਲਾ,omar_abdullah
அன்வர் இப்ராகிம்,anwar_ibrahim
அப்துல் ரசாக் உசேன்,abdul_razak_hussein
அப்துல்லா அகமது படாவி,abdullah_ahmad_badawi
இராமசாமி பழனிச்சாமி,ramasamy_palanisamy
உசேன் ஓன்,hussein_onn
உமர் அப்துல்லா,omar_abdullah
எம். குலசேகரன்,m._kulasegaran
கர்பால் சிங்,karpal_singh
கோ சு கூன்,koh_tsu_koon
கோவிந்தசாமி பழனிவேல்,g._palanivel
கோவிந்த் சிங் தியோ,gobind_singh_deo
ச. சாமிவேலு,samy_vellu
ச. சுப்பிரமணியம்,subramaniam_sathasivam
சி.வி தேவன் நாயர்,devan_nair
சிவகுமார் வரதராஜண்,v._sivakumar
சிவராசா ராசையா,sivarasa_rasiah
சீனிவாசகம் தர்ம ராஜா,d._r._seenivasagam
ஜெயக்குமார் தேவராஜ்,michael_jeyakumar_devaraj
துங்கு அப்துல் ரகுமான்,tunku_abdul_rahman
நஜீப் துன் ரசாக்,najib_razak
நிக் அப்துல் அஜிஸ் நிக் மாட்,nik_abdul_aziz_nik_mat
பா. கமலநாதன்,p._kamalanathan
பான் இயூ தெங்,fan_yew_teng
மஹாதிர் பின் முகமது,mahathir_mohamad
மு. சரவணன்,saravanan_murugan
முகமட் சாபு,mohamad_sabu
லிம் கிட் சியாங்,lim_kit_siang
லிம் குவான் எங்,lim_guan_eng
வான் அசிசா வான் இஸ்மாயில்,wan_azizah_wan_ismail
வி. மாணிக்கவாசகம்,v._manickavasagam
வீ. தி. சம்பந்தன்,v._t._sambanthan
ಉಮರ್ ಅಬ್ದುಲ್ಲಾ,omar_abdullah
അൻവർ ഇബ്രാഹിം,anwar_ibrahim
ഒമർ അബ്ദുള്ള,omar_abdullah
തുങ്കു അബ്ദുൽ റഹ്മാൻ,tunku_abdul_rahman
ദേവൻ നായർ,devan_nair
നജീബ് തുൻ റസാഖ്,najib_razak
മഹാതീർ മുഹമ്മദ്,mahathir_mohamad
ตนกู อับดุล ระห์มัน,tunku_abdul_rahman
นาจิบ ราซะก์,najib_razak
นิอับดุลอาซิซ บินนิมัต,nik_abdul_aziz_nik_mat
มหาเธร์ โมฮัมหมัด,mahathir_mohamad
อันวาร์ อิบราฮิม,anwar_ibrahim
อับดุล ราซะก์,abdul_razak_hussein
อับดุลละห์ อะห์มัด บาดาวี,abdullah_ahmad_badawi
ฮุซเซน อน,hussein_onn
နာဂျစ် ရာဇက်,najib_razak
မဟာသီယာ မိုဟာမက်ဒ်,mahathir_mohamad
ဟူ​စိန်​ဗင်း​အုန်း,hussein_onn
დევან ნაირი,devan_nair
アブドゥル・ラザク,abdul_razak_hussein
アブドラ・バダウィ,abdullah_ahmad_badawi
アンワル・イブラヒム,anwar_ibrahim
ガザリ・シャフィ,ghazali_shafie
ジャマルディン・ジャリス,jamaluddin_jarjis
トゥンク・アブドゥル・ラーマン,tunku_abdul_rahman
ナジブ・ラザク,najib_razak
フセイン・オン,hussein_onn
マハティール・ビン・モハマド,mahathir_mohamad
モハメド・ラフマト,mohamed_rahmat
ワン・アジサ,wan_azizah_wan_ismail
万·阿齐扎,wan_azizah_wan_ismail
三美威魯,samy_vellu
三美威鲁,samy_vellu
东古阿卜杜勒·拉赫曼,tunku_abdul_rahman
东姑安南,tengku_adnan_tengku_mansor
东姑拉沙里,tengku_razaleigh_hamzah
东姑阿兹兰,tengku_azlan_sultan_abu_bakar
东姑阿都拉曼,tunku_abdul_rahman
亚历山大南塔林奇,alexander_nanta_linggi
亞都拉薩拿督,najib_razak
亨利逊阿贡,henry_sum_agong
仄武达仄聂,che_uda_che_nik
仄罗斯里,che_rosli_che_mat
伊斯玛依,ismail_kassim
佐哈里巴哈隆,mohd_johari_baharum
佐哈里阿都,johari_abdul
佐瑟古律,joseph_kurup
佐瑟恩杜鲁,joseph_entulu_belaun
佐瑟沙朗,joseph_salang_gandum
何国忠,hou_kok_chung
余德华,er_teck_hwa
依力马贞文,eric_majimbun
依士迈·阿都·拉曼,ismail_abdul_rahman
依士邁·阿都·拉曼,ismail_abdul_rahman
依布拉欣,ibrahim_ali_(malaysia)
依德里斯哈伦,idris_haron
依德里斯哈倫,idris_haron
依斯迈慕达立,ismail_muttalib
依斯迈沙比礼,ismail_sabri_yaakob
依斯迈莫哈末沙益,ismail_mohamed_said
侯赛因·奥恩,hussein_onn
倪可敏,nga_kor_ming
倪可汉,ngeh_koo_ham
傅芝雅,fuziah_salleh
再也古玛,michael_jeyakumar_devaraj
再也古瑪,michael_jeyakumar_devaraj
再林莫哈末,zahrain_mohamed_hashim
冯镇安,fong_chan_onn
凯里·嘉马鲁丁,khairy_jamaluddin
凱里·嘉馬魯丁,khairy_jamaluddin
刘伟强,liew_vui_keong
刘镇东,liew_chin_tong
利察烈,richard_riot_jaem
加法尔·巴巴,ghafar_baba
努鲁伊莎,nurul_izzah_anwar
华合多拉,wahab_dolah
卡巴星,karpal_singh
卡玛鲁,kamarul_baharin_abbas
卡玛鲁汀查华,kamaruddin_jaafar
卡立诺丁,mohamed_khaled_nordin
卡立阿都沙末,khalid_abdul_samad
卡马拉纳丹,p._kamalanathan
哈兹玛夫奥玛,mahfuz_omar
哈士必哈比波拉,hasbi_habibollah
哈山莫哈末阿里,hasan_mohamed_ali
哈山马烈,hasan_malek
哈敏沙慕里,hamim_samuri
哈迪阿旺,abdul_hadi_awang
哥宾星,gobind_singh_deo
善班丹,v._t._sambanthan
嘉化·峇峇,ghafar_baba
塔伊阿扎慕定,taib_azamudden_md_taib
威廉耶劳巴达,william_nyallau_badak
威弗烈当敖,wilfred_bumburing
安华,anwar_ibrahim
安瓦尔,anwar_ibrahim
安華,anwar_ibrahim
山苏安华纳沙拉,shamsul_anuar_nasarah
巴哈仑莫哈末,baharum_mohamed
巴都卡阿布巴卡,abu_bakar_taib
布哈努丁,burhanuddin_al-helmy
希山慕丁,hishammuddin_hussein
廖中莱,liow_tiong_lai
廖中萊,liow_tiong_lai
廖麦克,leo_michael_toyad
张健仁,chong_chieng_jen
张庆信,tiong_king_sing
张念群,teo_nie_ching
张泰卿,tiong_thai_king
惹拉因末萨,jelaing_mersat
慕克里,mukhriz_mahathir
慕尤丁,muhyiddin_yassin
慕斯达法莫哈末,mustapa_mohamed
慕斯達法穆罕默德,mustapa_mohamed
慕查希尤索夫,mujahid_yusof_rawa
慕欣法兹里,mohsin_fadzli_samsuri
拉京奥津,lajim_ukin
拉昔丁,rashid_din
拉查理伊布拉欣,razali_ibrahim
拉查理依布拉欣,razali_ibrahim
拉查理易卜拉欣,razali_ibrahim
拉菲达,rafidah_aziz
拉西锡阿末,mohd_radzi_sheikh_ahmad
拉馬沙米,ramasamy_palanisamy
拉马沙米,ramasamy_palanisamy
拿督阿都拉萨,najib_razak
敦马士达化,mustapha_harun
方贵伦,fong_kui_lun
旺朱乃迪,wan_junaidi_tuanku_jaafar
旺阿兹莎,wan_azizah_wan_ismail
旺阿芝莎,wan_azizah_wan_ismail
旺阿茲莎,wan_azizah_wan_ismail
旺阿都拉欣,wan_abdul_rahim_wan_abdullah
曹智雄,chor_chee_heung
曹观友,chow_kon_yeow
曾亚英,tan_ah_eng
曾道玲,linda_tsen
末依沙,md_isa_sabu
末西叻,md_sirat_abu
朱加·阿·巴冷,jugah_anak_barieng
朱哈斯南,zulhasnan_rafique
朱斯里,juslie_ajirol
李志亮,lee_chee_leong
李文材,lee_boon_chye
"李霖泰,",lee_lam_thye
杨昆贤,yong_khoon_seng
東姑,tunku_abdul_rahman
東姑阿卜杜勒·拉赫曼,tunku_abdul_rahman
東姑阿布杜拉曼,tunku_abdul_rahman
東姑阿都拉曼,tunku_abdul_rahman
林冠英,lim_guan_eng
林吉祥,lim_kit_siang
林敬益,lim_keng_yaik
林立迎,lim_lip_eng
林良实,ling_liong_sik
林良實,ling_liong_sik
林苍佑,lim_chong_eu
林蒼佑,lim_chong_eu
柏納東博,bernard_giluk_dompok
柏纳东博,bernard_giluk_dompok
查斯圣地亚哥,charles_santiago
梁德明,liang_teck_meng
梁自坚,william_leong_jee_keen
比利阿必,billy_abit_joo
江作汉,kong_cho_ha
沈同钦,sim_tong_him
沈志勤,sim_tze_tzin
沙兹曼,shaziman_abu_mansor
沙农·阿末,shahnon_ahmad
沙巴威,sapawi_ahmad
沙希淡卡欣,shahidan_kassim
沙拉瓦南,saravanan_murugan
沙拉胡丁阿尤,salahuddin_ayub
沙礼卡尔比,salleh_kalbi
沙礼尔,shahrir_abdul_samad
沙菲益阿达,shafie_apdal
法迪拉尤索,fadillah_yusof
泰益·马哈茂德,abdul_taib_mahmud
泰益玛目,abdul_taib_mahmud
泰益瑪目,abdul_taib_mahmud
洛洛莫哈末卡查里,lo'_lo'_mohd_ghazali
潘俭伟,tony_pua
王其輝,ong_kee_hui
百林吉丁岸,joseph_pairin_kitingan
祖基菲利,dzulkefly_ahmad
穆希丁·雅辛,muhyiddin_yassin
穆斯塔法穆罕默德,mustapa_mohamed
穆罕默德侯賽因,muhammad_husin
穆罕默德侯赛因,muhammad_husin
穆罕默德胡笙,muhammad_husin
穆罕默德費爾道斯,mohd_firdaus_jaafar
穆罕默德费尔道斯,mohd_firdaus_jaafar
章瑛,chong_eng
约翰费南迪,john_fernandez_(malaysian_politician)
纳兹里,mohamed_nazri_abdul_aziz
纳吉·阿都拉萨,najib_razak
纳沙鲁丁末依沙,nasharudin_mat_isa
罗哈妮阿都卡琳,rohani_abdul_karim
罗国本,loh_gwo_burne
罗斯娜拉昔茜琳,rosnah_shirlin
罗纳,ronald_kiandee
翁惹化,onn_jaafar
翁诗杰,ong_tee_keat
耶谷东高沙甘,jacob_dungau_sagan
聂阿兹聂末,nik_abdul_aziz_nik_mat
胡先翁,hussein_onn
苏巴马廉,subramaniam_sathasivam
苏莱曼阿都拉曼,sulaiman_abdul_rahman_taib
莫哈末哈耶迪,mohd_hayati_othman
莫哈末哈达,mohd_hatta_ramli
莫哈末基丁沙菲,mohd_jidin_shafee
莫哈末尼扎,mohd_nizar_zakaria
莫哈末普亚扎卡西,mohd_puad_zarkashi
莫哈末沙仑,mohamad_shahrum_osman
莫哈末纳斯查卡利亚,mohd_nasir_zakaria
莫哈末纳西依布拉欣菲克里,mohd_nasir_ibrahim_fikri
莫哈末胡申,muhammad_husin
莫哈末诺奥曼,mohd_nor_othman
莫哈末費爾道斯,mohd_firdaus_jaafar
莫哈末费尔道斯,mohd_firdaus_jaafar
莫哈末鑫,mohd_zin_mohamed
莫哈末阿兹,mohamad_aziz
莫邦拉汀,bung_moktar_radin
莱士雅丁,rais_yatim
莱密乌京,raime_unggi
蒂凡那,devan_nair
蒋国华,edmund_chong_ket_wah
蔡智勇,chua_tee_yong
蔡添强,chua_tian_chang
蔡細歷,chua_soi_lek
蔡细历,chua_soi_lek
蔡锐明,chua_jui_meng
蔡顺梅,chua_soon_bui
西华古玛,v._sivakumar
西华拉沙,sivarasa_rasiah
西林安,siringan_gubat
西蒂再拉,siti_zailah_mohd_yusoff
許子根,koh_tsu_koon
詹姆士道达沃斯,james_dawos_mamit
许子根,koh_tsu_koon
许来贤,hee_loy_sian
诺丽雅斯润,noriah_kasnon
诺奥马,noh_omar
诺拉阿都拉曼,norah_abdul_rahman
诺莫哈末,nor_mohamed_yakcop
诺莱妮,noraini_ahmad
賽哈密,syed_hamid_albar
賽哈密德,syed_hamid_albar
賽義德·哈密德,syed_hamid_albar
贾玛鲁丁查吉,jamaluddin_jarjis
赛义德·哈米德,syed_hamid_albar
赛哈密,syed_hamid_albar
赛夫丁阿都拉,saifuddin_abdullah
赛夫汀,saifuddin_nasution_ismail
达祖丁,tajuddin_abdul_rahman
迪奇拉菲,tiki_lafe
迪瓦马尼,devamany_s._krishnasamy
道格拉斯乌加恩巴斯,douglas_uggah_embas
邓文村,teng_boon_soon
郭素沁,teresa_kok
里拉雅欣,lilah_yassin
阿兹卡拉威,aziz_kaprawi
阿兹米卡立,azmi_khalid
阿卜杜拉·巴达维,abdullah_ahmad_badawi
阿卜杜拉·巴達維,abdullah_ahmad_badawi
阿占依斯迈,azan_ismail
阿尼法阿曼,anifah_aman
阿布杜拉·巴達威,abdullah_ahmad_badawi
阿布瑟曼,abu_seman_yusop
阿末卡欣,ahmad_kassim
阿末扎希,ahmad_zahid_hamidi
阿末沙比里,ahmad_shabery_cheek
阿末胡斯尼,ahmad_husni_hanadzlah
阿末韩沙,ahmad_hamzah
阿末马斯兰,ahmad_maslan
阿莎丽娜,azalina_othman_said
阿莫赖宾布章,ahmad_lai_bujang
阿都华希恩都,mohd_abdul_wahid_endut
阿都哈林,abdul_halim_abdul_rahman
阿都干尼·奥斯曼,abdul_ghani_othman
阿都拉·巴达威,abdullah_ahmad_badawi
阿都拉·巴達威,abdullah_ahmad_badawi
阿都拉山尼,abdullah_sani_abdul_hamid
阿都拉曼巴克里,abdul_rahman_bakri
阿都拉曼达兰,abdul_rahman_dahlan
阿都拉欣,abdul_rahim_bakri
阿都拉萨,abdul_razak_hussein
阿都拉辛,abdullah_md_zin
阿都拉迪,abdul_latiff_ahmad
阿都阿兹,abdul_aziz_abdul_kadir
阿都马南,abdul_manan_ismail
阿隆阿国,aaron_ago_dagang
陆兆福,loke_siew_fook
陈冠勋,ding_kuong_hiing
陈华贵,peter_chin_fah_kui
陈国伟,tan_kok_wai
陈康南,george_chan_hong_nam
陈智铭,tan_tee_beng
陈胜尧,tan_seng_giaw
陈莲花,tan_lian_hoe
"陳修信,",tan_siew_sin
韩沙再努丁,hamzah_zainuddin
馬哈地·穆罕默德,mahathir_mohamad
馬哈蒂爾,mahathir_mohamad
馬哈蒂爾·穆罕默德,mahathir_mohamad
馬哈迪·莫哈末,mahathir_mohamad
馮寶君,fong_po_kuan
马丽亚马目,siti_mariah_mahmud
马哈兹尔卡立,mahdzir_khalid
马哈蒂尔·穆罕默德,mahathir_mohamad
马哈迪·莫哈末,mahathir_mohamad
马尼卡瓦沙甘,s._manikavasagam
马诺哈兰,m._manogaran
马都里迪祖索,matulidi_jusoh
魏家祥,wee_ka_siong
魯嘉茲南,nur_jazlan_mohamed
鲁嘉兹南,nur_jazlan_mohamed
麦基蒙津古,marcus_mojigoh
黃和聯,wong_ho_leng
黃家定,ong_ka_ting
黃家泉,ong_ka_chuan
黃泉安,jeff_ooi
黃燕燕,ng_yen_yen
黄家定,ong_ka_ting
"黄家定,",ong_ka_ting
黄日升,wee_jeck_seng
黄朱强,wee_choo_keong
黄泉安,jeff_ooi
가파르 바바,ghafar_baba
나집 툰 라작,najib_razak
누룰 이자흐 안와르,nurul_izzah_anwar
닉 압둘 아지즈 빈 닉 맛,nik_abdul_aziz_nik_mat
다토 온 자파르,onn_jaafar
마하티르 빈 모하마드,mahathir_mohamad
무사 히탐,musa_hitam
무히딘 야신,muhyiddin_yassin
샤흐리잣 압둘 잘릴,shahrizat_abdul_jalil
아니파흐 아만,anifah_aman
안와르 이브라힘,anwar_ibrahim
압둘 라작 후세인,abdul_razak_hussein
압둘 하디 빈 아왕,abdul_hadi_awang
압둘라 아마드 바다위,abdullah_ahmad_badawi
완 아지자흐 완 이스마일,wan_azizah_wan_ismail
유소프 라와,yusof_rawa
응옌옌,ng_yen_yen
이스마일 압둘 라만,ismail_abdul_rahman
주하르 마히루딘,juhar_mahiruddin
줄하스난 라피케,zulhasnan_rafique
추아 소이 렉,chua_soi_lek
텡쿠 아드난 텡쿠 만소르,tengku_adnan_tengku_mansor
툰쿠 압둘 라만,tunku_abdul_rahman
티엔 추아,chua_tian_chang
하이리 자말루딘,khairy_jamaluddin
후세인 온,hussein_onn
